run_id,generated_at_utc,source_schema_version,case_id,preset,path,beam_family,model_level,generation_method,hardware_status,qa_status,material_model_status,material_response_model,calibration_status,geometry_model_status,feature_target_type,feature_proxy_type,target_width_um,target_length_um,target_depth_um,target_aspect_ratio,predicted_width_um,predicted_length_um,predicted_depth_um,predicted_aspect_ratio,width_error_pct,length_error_pct,depth_error_pct,overlap_score,capsule_fit_score,edge_uniformity_score,core_suppression_score,side_lobe_contamination_score,threshold_fluence_J_cm2,peak_fluence_J_cm2,fluence_to_threshold_ratio,xz_proxy_definition,xz_energy_conservation_status,canonical_zone_um,strict_bessel_region_um,propagation_power_drift_fraction,propagation_power_label,ell,input_energy_uJ,gamma_slm_deg,hardware_reachable,candidate_pass,planning_rank,output_category,capsule_fit_label,capsule_acceptance_label,actual_weld_success_claimed,overclaim_guardrail
20260618T224339Z,2026-06-18T22:43:39.973806+00:00,1.0.0,capsule_candidate_ell0_w4.2_e10,fast,design_solver,capsule_geometry_proxy,optical_geometry_proxy,inverse_design_sweep,lab_proxy,exploratory,optical_only,none,uncalibrated,optical_geometry_proxy,capsule,accepted_depth_proxy,4.2,200.0,200.0,47.61904761904762,4.2,200.0,200.0,47.61904761904762,0.0,0.0,0.0,,1.0,,,,,,,not_applicable,not_applicable,200.0,,,unknown,0,10.0,0.1652053787425315,True,True,1,optical_geometry_proxy,strong_proxy_match,exploratory_proxy,False,"application-planning geometry proxy; not actual weld, bonding, void, ablation, or index-change prediction"
20260618T224339Z,2026-06-18T22:43:39.973885+00:00,1.0.0,capsule_candidate_ell0_w4.2_e20,fast,design_solver,capsule_geometry_proxy,optical_geometry_proxy,inverse_design_sweep,lab_proxy,exploratory,optical_only,none,uncalibrated,optical_geometry_proxy,capsule,accepted_depth_proxy,4.2,200.0,200.0,47.61904761904762,4.2,200.0,200.0,47.61904761904762,0.0,0.0,0.0,,1.0,,,,,,,not_applicable,not_applicable,200.0,,,unknown,0,20.0,0.1652053787425315,True,True,2,optical_geometry_proxy,strong_proxy_match,exploratory_proxy,False,"application-planning geometry proxy; not actual weld, bonding, void, ablation, or index-change prediction"
20260618T224339Z,2026-06-18T22:43:39.973960+00:00,1.0.0,capsule_candidate_ell0_w4.2_e40,fast,design_solver,capsule_geometry_proxy,optical_geometry_proxy,inverse_design_sweep,lab_proxy,exploratory,optical_only,none,uncalibrated,optical_geometry_proxy,capsule,accepted_depth_proxy,4.2,200.0,200.0,47.61904761904762,4.2,200.0,200.0,47.61904761904762,0.0,0.0,0.0,,1.0,,,,,,,not_applicable,not_applicable,200.0,,,unknown,0,40.0,0.1652053787425315,True,True,3,optical_geometry_proxy,strong_proxy_match,exploratory_proxy,False,"application-planning geometry proxy; not actual weld, bonding, void, ablation, or index-change prediction"
20260618T224339Z,2026-06-18T22:43:39.974890+00:00,1.0.0,capsule_candidate_ell1_w5.0_e10,fast,design_solver,capsule_geometry_proxy,optical_geometry_proxy,inverse_design_sweep,lab_proxy,exploratory,optical_only,none,uncalibrated,optical_geometry_proxy,capsule,accepted_depth_proxy,4.2,200.0,200.0,47.61904761904762,3.8278249092321404,200.0,200.0,52.24899381307383,-8.861311684949042,0.0,0.0,,0.9592999958029433,,,,,,,not_applicable,not_applicable,200.0,,,unknown,1,10.0,0.1165690774516027,True,True,4,optical_geometry_proxy,strong_proxy_match,exploratory_proxy,False,"application-planning geometry proxy; not actual weld, bonding, void, ablation, or index-change prediction"
20260618T224339Z,2026-06-18T22:43:39.974960+00:00,1.0.0,capsule_candidate_ell1_w5.0_e20,fast,design_solver,capsule_geometry_proxy,optical_geometry_proxy,inverse_design_sweep,lab_proxy,exploratory,optical_only,none,uncalibrated,optical_geometry_proxy,capsule,accepted_depth_proxy,4.2,200.0,200.0,47.61904761904762,3.8278249092321404,200.0,200.0,52.24899381307383,-8.861311684949042,0.0,0.0,,0.9592999958029433,,,,,,,not_applicable,not_applicable,200.0,,,unknown,1,20.0,0.1165690774516027,True,True,5,optical_geometry_proxy,strong_proxy_match,exploratory_proxy,False,"application-planning geometry proxy; not actual weld, bonding, void, ablation, or index-change prediction"
20260618T224339Z,2026-06-18T22:43:39.975047+00:00,1.0.0,capsule_candidate_ell1_w5.0_e40,fast,design_solver,capsule_geometry_proxy,optical_geometry_proxy,inverse_design_sweep,lab_proxy,exploratory,optical_only,none,uncalibrated,optical_geometry_proxy,capsule,accepted_depth_proxy,4.2,200.0,200.0,47.61904761904762,3.8278249092321404,200.0,200.0,52.24899381307383,-8.861311684949042,0.0,0.0,,0.9592999958029433,,,,,,,not_applicable,not_applicable,200.0,,,unknown,1,40.0,0.1165690774516027,True,True,6,optical_geometry_proxy,strong_proxy_match,exploratory_proxy,False,"application-planning geometry proxy; not actual weld, bonding, void, ablation, or index-change prediction"
20260618T224339Z,2026-06-18T22:43:39.975337+00:00,1.0.0,capsule_candidate_ell2_w3.0_e10,fast,design_solver,capsule_geometry_proxy,optical_geometry_proxy,inverse_design_sweep,lab_proxy,exploratory,optical_only,none,uncalibrated,optical_geometry_proxy,capsule,accepted_depth_proxy,4.2,200.0,200.0,47.61904761904762,3.80985895412949,200.0,200.0,52.4953816947005,-9.289072520726437,0.0,0.0,,0.9575022813055496,,,,,,,not_applicable,not_applicable,200.0,,,unknown,2,10.0,0.32379999246461466,True,True,7,optical_geometry_proxy,strong_proxy_match,exploratory_proxy,False,"application-planning geometry proxy; not actual weld, bonding, void, ablation, or index-change prediction"
20260618T224339Z,2026-06-18T22:43:39.975405+00:00,1.0.0,capsule_candidate_ell2_w3.0_e20,fast,design_solver,capsule_geometry_proxy,optical_geometry_proxy,inverse_design_sweep,lab_proxy,exploratory,optical_only,none,uncalibrated,optical_geometry_proxy,capsule,accepted_depth_proxy,4.2,200.0,200.0,47.61904761904762,3.80985895412949,200.0,200.0,52.4953816947005,-9.289072520726437,0.0,0.0,,0.9575022813055496,,,,,,,not_applicable,not_applicable,200.0,,,unknown,2,20.0,0.32379999246461466,True,True,8,optical_geometry_proxy,strong_proxy_match,exploratory_proxy,False,"application-planning geometry proxy; not actual weld, bonding, void, ablation, or index-change prediction"
20260618T224339Z,2026-06-18T22:43:39.975478+00:00,1.0.0,capsule_candidate_ell2_w3.0_e40,fast,design_solver,capsule_geometry_proxy,optical_geometry_proxy,inverse_design_sweep,lab_proxy,exploratory,optical_only,none,uncalibrated,optical_geometry_proxy,capsule,accepted_depth_proxy,4.2,200.0,200.0,47.61904761904762,3.80985895412949,200.0,200.0,52.4953816947005,-9.289072520726437,0.0,0.0,,0.9575022813055496,,,,,,,not_applicable,not_applicable,200.0,,,unknown,2,40.0,0.32379999246461466,True,True,9,optical_geometry_proxy,strong_proxy_match,exploratory_proxy,False,"application-planning geometry proxy; not actual weld, bonding, void, ablation, or index-change prediction"
20260618T224339Z,2026-06-18T22:43:39.975973+00:00,1.0.0,capsule_candidate_ell3_w2.0_e10,fast,design_solver,capsule_geometry_proxy,optical_geometry_proxy,inverse_design_sweep,lab_proxy,exploratory,optical_only,none,uncalibrated,optical_geometry_proxy,capsule,accepted_depth_proxy,4.2,200.0,200.0,47.61904761904762,3.493712217222893,200.00000000000003,200.00000000000003,57.245699578249024,-16.816375780407313,1.4210854715202004e-14,1.4210854715202004e-14,,0.9280221815303578,,,,,,,not_applicable,not_applicable,200.00000000000003,,,unknown,3,10.0,0.7285184763180764,True,True,10,optical_geometry_proxy,strong_proxy_match,exploratory_proxy,False,"application-planning geometry proxy; not actual weld, bonding, void, ablation, or index-change prediction"
20260618T224339Z,2026-06-18T22:43:39.976047+00:00,1.0.0,capsule_candidate_ell3_w2.0_e20,fast,design_solver,capsule_geometry_proxy,optical_geometry_proxy,inverse_design_sweep,lab_proxy,exploratory,optical_only,none,uncalibrated,optical_geometry_proxy,capsule,accepted_depth_proxy,4.2,200.0,200.0,47.61904761904762,3.493712217222893,200.00000000000003,200.00000000000003,57.245699578249024,-16.816375780407313,1.4210854715202004e-14,1.4210854715202004e-14,,0.9280221815303578,,,,,,,not_applicable,not_applicable,200.00000000000003,,,unknown,3,20.0,0.7285184763180764,True,True,11,optical_geometry_proxy,strong_proxy_match,exploratory_proxy,False,"application-planning geometry proxy; not actual weld, bonding, void, ablation, or index-change prediction"
20260618T224339Z,2026-06-18T22:43:39.976118+00:00,1.0.0,capsule_candidate_ell3_w2.0_e40,fast,design_solver,capsule_geometry_proxy,optical_geometry_proxy,inverse_design_sweep,lab_proxy,exploratory,optical_only,none,uncalibrated,optical_geometry_proxy,capsule,accepted_depth_proxy,4.2,200.0,200.0,47.61904761904762,3.493712217222893,200.00000000000003,200.00000000000003,57.245699578249024,-16.816375780407313,1.4210854715202004e-14,1.4210854715202004e-14,,0.9280221815303578,,,,,,,not_applicable,not_applicable,200.00000000000003,,,unknown,3,40.0,0.7285184763180764,True,True,12,optical_geometry_proxy,strong_proxy_match,exploratory_proxy,False,"application-planning geometry proxy; not actual weld, bonding, void, ablation, or index-change prediction"
20260618T224339Z,2026-06-18T22:43:39.974036+00:00,1.0.0,capsule_candidate_ell0_w5.0_e10,fast,design_solver,capsule_geometry_proxy,optical_geometry_proxy,inverse_design_sweep,lab_proxy,exploratory,optical_only,none,uncalibrated,optical_geometry_proxy,capsule,accepted_depth_proxy,4.2,200.0,200.0,47.61904761904762,5.0,200.0,200.0,40.0,19.047619047619044,0.0,0.0,,0.9199999999999999,,,,,,,not_applicable,not_applicable,200.0,,,unknown,0,10.0,0.1165690774516027,True,True,13,optical_geometry_proxy,strong_proxy_match,exploratory_proxy,False,"application-planning geometry proxy; not actual weld, bonding, void, ablation, or index-change prediction"
20260618T224339Z,2026-06-18T22:43:39.974108+00:00,1.0.0,capsule_candidate_ell0_w5.0_e20,fast,design_solver,capsule_geometry_proxy,optical_geometry_proxy,inverse_design_sweep,lab_proxy,exploratory,optical_only,none,uncalibrated,optical_geometry_proxy,capsule,accepted_depth_proxy,4.2,200.0,200.0,47.61904761904762,5.0,200.0,200.0,40.0,19.047619047619044,0.0,0.0,,0.9199999999999999,,,,,,,not_applicable,not_applicable,200.0,,,unknown,0,20.0,0.1165690774516027,True,True,14,optical_geometry_proxy,strong_proxy_match,exploratory_proxy,False,"application-planning geometry proxy; not actual weld, bonding, void, ablation, or index-change prediction"
20260618T224339Z,2026-06-18T22:43:39.974182+00:00,1.0.0,capsule_candidate_ell0_w5.0_e40,fast,design_solver,capsule_geometry_proxy,optical_geometry_proxy,inverse_design_sweep,lab_proxy,exploratory,optical_only,none,uncalibrated,optical_geometry_proxy,capsule,accepted_depth_proxy,4.2,200.0,200.0,47.61904761904762,5.0,200.0,200.0,40.0,19.047619047619044,0.0,0.0,,0.9199999999999999,,,,,,,not_applicable,not_applicable,200.0,,,unknown,0,40.0,0.1165690774516027,True,True,15,optical_geometry_proxy,strong_proxy_match,exploratory_proxy,False,"application-planning geometry proxy; not actual weld, bonding, void, ablation, or index-change prediction"
20260618T224339Z,2026-06-18T22:43:39.974680+00:00,1.0.0,capsule_candidate_ell1_w4.2_e10,fast,design_solver,capsule_geometry_proxy,optical_geometry_proxy,inverse_design_sweep,lab_proxy,exploratory,optical_only,none,uncalibrated,optical_geometry_proxy,capsule,accepted_depth_proxy,4.2,200.0,200.0,47.61904761904762,3.215372923754998,200.0,200.0,62.20118311080218,-23.443501815357187,0.0,0.0,,0.9050435969872954,,,,,,,not_applicable,not_applicable,200.0,,,unknown,1,10.0,0.1652053787425315,True,True,16,optical_geometry_proxy,strong_proxy_match,exploratory_proxy,False,"application-planning geometry proxy; not actual weld, bonding, void, ablation, or index-change prediction"
20260618T224339Z,2026-06-18T22:43:39.974750+00:00,1.0.0,capsule_candidate_ell1_w4.2_e20,fast,design_solver,capsule_geometry_proxy,optical_geometry_proxy,inverse_design_sweep,lab_proxy,exploratory,optical_only,none,uncalibrated,optical_geometry_proxy,capsule,accepted_depth_proxy,4.2,200.0,200.0,47.61904761904762,3.215372923754998,200.0,200.0,62.20118311080218,-23.443501815357187,0.0,0.0,,0.9050435969872954,,,,,,,not_applicable,not_applicable,200.0,,,unknown,1,20.0,0.1652053787425315,True,True,17,optical_geometry_proxy,strong_proxy_match,exploratory_proxy,False,"application-planning geometry proxy; not actual weld, bonding, void, ablation, or index-change prediction"
20260618T224339Z,2026-06-18T22:43:39.974820+00:00,1.0.0,capsule_candidate_ell1_w4.2_e40,fast,design_solver,capsule_geometry_proxy,optical_geometry_proxy,inverse_design_sweep,lab_proxy,exploratory,optical_only,none,uncalibrated,optical_geometry_proxy,capsule,accepted_depth_proxy,4.2,200.0,200.0,47.61904761904762,3.215372923754998,200.0,200.0,62.20118311080218,-23.443501815357187,0.0,0.0,,0.9050435969872954,,,,,,,not_applicable,not_applicable,200.0,,,unknown,1,40.0,0.1652053787425315,True,True,18,optical_geometry_proxy,strong_proxy_match,exploratory_proxy,False,"application-planning geometry proxy; not actual weld, bonding, void, ablation, or index-change prediction"
20260618T224339Z,2026-06-18T22:43:39.973534+00:00,1.0.0,capsule_candidate_ell0_w3.0_e10,fast,design_solver,capsule_geometry_proxy,optical_geometry_proxy,inverse_design_sweep,lab_proxy,exploratory,optical_only,none,uncalibrated,optical_geometry_proxy,capsule,accepted_depth_proxy,4.2,200.0,200.0,47.61904761904762,3.0,200.0,200.0,66.66666666666667,-28.571428571428573,0.0,0.0,,0.8888888888888888,,,,,,,not_applicable,not_applicable,200.0,,,unknown,0,10.0,0.32379999246461466,True,True,19,optical_geometry_proxy,strong_proxy_match,exploratory_proxy,False,"application-planning geometry proxy; not actual weld, bonding, void, ablation, or index-change prediction"
20260618T224339Z,2026-06-18T22:43:39.973637+00:00,1.0.0,capsule_candidate_ell0_w3.0_e20,fast,design_solver,capsule_geometry_proxy,optical_geometry_proxy,inverse_design_sweep,lab_proxy,exploratory,optical_only,none,uncalibrated,optical_geometry_proxy,capsule,accepted_depth_proxy,4.2,200.0,200.0,47.61904761904762,3.0,200.0,200.0,66.66666666666667,-28.571428571428573,0.0,0.0,,0.8888888888888888,,,,,,,not_applicable,not_applicable,200.0,,,unknown,0,20.0,0.32379999246461466,True,True,20,optical_geometry_proxy,strong_proxy_match,exploratory_proxy,False,"application-planning geometry proxy; not actual weld, bonding, void, ablation, or index-change prediction"
20260618T224339Z,2026-06-18T22:43:39.973727+00:00,1.0.0,capsule_candidate_ell0_w3.0_e40,fast,design_solver,capsule_geometry_proxy,optical_geometry_proxy,inverse_design_sweep,lab_proxy,exploratory,optical_only,none,uncalibrated,optical_geometry_proxy,capsule,accepted_depth_proxy,4.2,200.0,200.0,47.61904761904762,3.0,200.0,200.0,66.66666666666667,-28.571428571428573,0.0,0.0,,0.8888888888888888,,,,,,,not_applicable,not_applicable,200.0,,,unknown,0,40.0,0.32379999246461466,True,True,21,optical_geometry_proxy,strong_proxy_match,exploratory_proxy,False,"application-planning geometry proxy; not actual weld, bonding, void, ablation, or index-change prediction"
20260618T224339Z,2026-06-18T22:43:39.975126+00:00,1.0.0,capsule_candidate_ell2_w2.0_e10,fast,design_solver,capsule_geometry_proxy,optical_geometry_proxy,inverse_design_sweep,lab_proxy,exploratory,optical_only,none,uncalibrated,optical_geometry_proxy,capsule,accepted_depth_proxy,4.2,200.0,200.0,47.61904761904762,2.5399059694196597,200.00000000000003,200.00000000000003,78.74307254205075,-39.52604834715096,1.4210854715202004e-14,1.4210854715202004e-14,,0.8583560245008612,,,,,,,not_applicable,not_applicable,200.00000000000003,,,unknown,2,10.0,0.7285184763180764,True,True,22,optical_geometry_proxy,strong_proxy_match,exploratory_proxy,False,"application-planning geometry proxy; not actual weld, bonding, void, ablation, or index-change prediction"
20260618T224339Z,2026-06-18T22:43:39.975197+00:00,1.0.0,capsule_candidate_ell2_w2.0_e20,fast,design_solver,capsule_geometry_proxy,optical_geometry_proxy,inverse_design_sweep,lab_proxy,exploratory,optical_only,none,uncalibrated,optical_geometry_proxy,capsule,accepted_depth_proxy,4.2,200.0,200.0,47.61904761904762,2.5399059694196597,200.00000000000003,200.00000000000003,78.74307254205075,-39.52604834715096,1.4210854715202004e-14,1.4210854715202004e-14,,0.8583560245008612,,,,,,,not_applicable,not_applicable,200.00000000000003,,,unknown,2,20.0,0.7285184763180764,True,True,23,optical_geometry_proxy,strong_proxy_match,exploratory_proxy,False,"application-planning geometry proxy; not actual weld, bonding, void, ablation, or index-change prediction"
20260618T224339Z,2026-06-18T22:43:39.975267+00:00,1.0.0,capsule_candidate_ell2_w2.0_e40,fast,design_solver,capsule_geometry_proxy,optical_geometry_proxy,inverse_design_sweep,lab_proxy,exploratory,optical_only,none,uncalibrated,optical_geometry_proxy,capsule,accepted_depth_proxy,4.2,200.0,200.0,47.61904761904762,2.5399059694196597,200.00000000000003,200.00000000000003,78.74307254205075,-39.52604834715096,1.4210854715202004e-14,1.4210854715202004e-14,,0.8583560245008612,,,,,,,not_applicable,not_applicable,200.00000000000003,,,unknown,2,40.0,0.7285184763180764,True,True,24,optical_geometry_proxy,strong_proxy_match,exploratory_proxy,False,"application-planning geometry proxy; not actual weld, bonding, void, ablation, or index-change prediction"
20260618T224339Z,2026-06-18T22:43:39.974467+00:00,1.0.0,capsule_candidate_ell1_w3.0_e10,fast,design_solver,capsule_geometry_proxy,optical_geometry_proxy,inverse_design_sweep,lab_proxy,exploratory,optical_only,none,uncalibrated,optical_geometry_proxy,capsule,accepted_depth_proxy,4.2,200.0,200.0,47.61904761904762,2.2966949455392847,200.0,200.0,87.08165635512303,-45.31678701096941,0.0,0.0,,0.8440758705752673,,,,,,,not_applicable,not_applicable,200.0,,,unknown,1,10.0,0.32379999246461466,True,True,25,optical_geometry_proxy,strong_proxy_match,exploratory_proxy,False,"application-planning geometry proxy; not actual weld, bonding, void, ablation, or index-change prediction"
20260618T224339Z,2026-06-18T22:43:39.974538+00:00,1.0.0,capsule_candidate_ell1_w3.0_e20,fast,design_solver,capsule_geometry_proxy,optical_geometry_proxy,inverse_design_sweep,lab_proxy,exploratory,optical_only,none,uncalibrated,optical_geometry_proxy,capsule,accepted_depth_proxy,4.2,200.0,200.0,47.61904761904762,2.2966949455392847,200.0,200.0,87.08165635512303,-45.31678701096941,0.0,0.0,,0.8440758705752673,,,,,,,not_applicable,not_applicable,200.0,,,unknown,1,20.0,0.32379999246461466,True,True,26,optical_geometry_proxy,strong_proxy_match,exploratory_proxy,False,"application-planning geometry proxy; not actual weld, bonding, void, ablation, or index-change prediction"
20260618T224339Z,2026-06-18T22:43:39.974609+00:00,1.0.0,capsule_candidate_ell1_w3.0_e40,fast,design_solver,capsule_geometry_proxy,optical_geometry_proxy,inverse_design_sweep,lab_proxy,exploratory,optical_only,none,uncalibrated,optical_geometry_proxy,capsule,accepted_depth_proxy,4.2,200.0,200.0,47.61904761904762,2.2966949455392847,200.0,200.0,87.08165635512303,-45.31678701096941,0.0,0.0,,0.8440758705752673,,,,,,,not_applicable,not_applicable,200.0,,,unknown,1,40.0,0.32379999246461466,True,True,27,optical_geometry_proxy,strong_proxy_match,exploratory_proxy,False,"application-planning geometry proxy; not actual weld, bonding, void, ablation, or index-change prediction"
20260618T224339Z,2026-06-18T22:43:39.972561+00:00,1.0.0,capsule_candidate_ell0_w2.0_e10,fast,design_solver,capsule_geometry_proxy,optical_geometry_proxy,inverse_design_sweep,lab_proxy,exploratory,optical_only,none,uncalibrated,optical_geometry_proxy,capsule,accepted_depth_proxy,4.2,200.0,200.0,47.61904761904762,2.0,200.00000000000003,200.00000000000003,100.00000000000001,-52.38095238095239,1.4210854715202004e-14,1.4210854715202004e-14,,0.8281249999999999,,,,,,,not_applicable,not_applicable,200.00000000000003,,,unknown,0,10.0,0.7285184763180764,True,True,28,optical_geometry_proxy,strong_proxy_match,exploratory_proxy,False,"application-planning geometry proxy; not actual weld, bonding, void, ablation, or index-change prediction"
20260618T224339Z,2026-06-18T22:43:39.972988+00:00,1.0.0,capsule_candidate_ell0_w2.0_e20,fast,design_solver,capsule_geometry_proxy,optical_geometry_proxy,inverse_design_sweep,lab_proxy,exploratory,optical_only,none,uncalibrated,optical_geometry_proxy,capsule,accepted_depth_proxy,4.2,200.0,200.0,47.61904761904762,2.0,200.00000000000003,200.00000000000003,100.00000000000001,-52.38095238095239,1.4210854715202004e-14,1.4210854715202004e-14,,0.8281249999999999,,,,,,,not_applicable,not_applicable,200.00000000000003,,,unknown,0,20.0,0.7285184763180764,True,True,29,optical_geometry_proxy,strong_proxy_match,exploratory_proxy,False,"application-planning geometry proxy; not actual weld, bonding, void, ablation, or index-change prediction"
20260618T224339Z,2026-06-18T22:43:39.973371+00:00,1.0.0,capsule_candidate_ell0_w2.0_e40,fast,design_solver,capsule_geometry_proxy,optical_geometry_proxy,inverse_design_sweep,lab_proxy,exploratory,optical_only,none,uncalibrated,optical_geometry_proxy,capsule,accepted_depth_proxy,4.2,200.0,200.0,47.61904761904762,2.0,200.00000000000003,200.00000000000003,100.00000000000001,-52.38095238095239,1.4210854715202004e-14,1.4210854715202004e-14,,0.8281249999999999,,,,,,,not_applicable,not_applicable,200.00000000000003,,,unknown,0,40.0,0.7285184763180764,True,True,30,optical_geometry_proxy,strong_proxy_match,exploratory_proxy,False,"application-planning geometry proxy; not actual weld, bonding, void, ablation, or index-change prediction"
20260618T224339Z,2026-06-18T22:43:39.976186+00:00,1.0.0,capsule_candidate_ell3_w3.0_e10,fast,design_solver,capsule_geometry_proxy,optical_geometry_proxy,inverse_design_sweep,lab_proxy,exploratory,optical_only,none,uncalibrated,optical_geometry_proxy,capsule,accepted_depth_proxy,4.2,200.0,200.0,47.61904761904762,5.240568325834339,200.0,200.0,38.163799718832685,24.775436329389013,0.0,0.0,,0.9007198970477432,,,,,,,not_applicable,not_applicable,200.0,,,unknown,3,10.0,0.32379999246461466,True,False,31,optical_geometry_proxy,strong_proxy_match,exploratory_proxy,False,"application-planning geometry proxy; not actual weld, bonding, void, ablation, or index-change prediction"
20260618T224339Z,2026-06-18T22:43:39.976255+00:00,1.0.0,capsule_candidate_ell3_w3.0_e20,fast,design_solver,capsule_geometry_proxy,optical_geometry_proxy,inverse_design_sweep,lab_proxy,exploratory,optical_only,none,uncalibrated,optical_geometry_proxy,capsule,accepted_depth_proxy,4.2,200.0,200.0,47.61904761904762,5.240568325834339,200.0,200.0,38.163799718832685,24.775436329389013,0.0,0.0,,0.9007198970477432,,,,,,,not_applicable,not_applicable,200.0,,,unknown,3,20.0,0.32379999246461466,True,False,32,optical_geometry_proxy,strong_proxy_match,exploratory_proxy,False,"application-planning geometry proxy; not actual weld, bonding, void, ablation, or index-change prediction"
20260618T224339Z,2026-06-18T22:43:39.976325+00:00,1.0.0,capsule_candidate_ell3_w3.0_e40,fast,design_solver,capsule_geometry_proxy,optical_geometry_proxy,inverse_design_sweep,lab_proxy,exploratory,optical_only,none,uncalibrated,optical_geometry_proxy,capsule,accepted_depth_proxy,4.2,200.0,200.0,47.61904761904762,5.240568325834339,200.0,200.0,38.163799718832685,24.775436329389013,0.0,0.0,,0.9007198970477432,,,,,,,not_applicable,not_applicable,200.0,,,unknown,3,40.0,0.32379999246461466,True,False,33,optical_geometry_proxy,strong_proxy_match,exploratory_proxy,False,"application-planning geometry proxy; not actual weld, bonding, void, ablation, or index-change prediction"
20260618T224339Z,2026-06-18T22:43:39.975550+00:00,1.0.0,capsule_candidate_ell2_w4.2_e10,fast,design_solver,capsule_geometry_proxy,optical_geometry_proxy,inverse_design_sweep,lab_proxy,exploratory,optical_only,none,uncalibrated,optical_geometry_proxy,capsule,accepted_depth_proxy,4.2,200.0,200.0,47.61904761904762,5.3338025357812855,200.0,200.0,37.496701210500355,26.995298470982984,0.0,0.0,,0.8937153627102538,,,,,,,not_applicable,not_applicable,200.0,,,unknown,2,10.0,0.1652053787425315,True,False,34,optical_geometry_proxy,strong_proxy_match,exploratory_proxy,False,"application-planning geometry proxy; not actual weld, bonding, void, ablation, or index-change prediction"
20260618T224339Z,2026-06-18T22:43:39.975619+00:00,1.0.0,capsule_candidate_ell2_w4.2_e20,fast,design_solver,capsule_geometry_proxy,optical_geometry_proxy,inverse_design_sweep,lab_proxy,exploratory,optical_only,none,uncalibrated,optical_geometry_proxy,capsule,accepted_depth_proxy,4.2,200.0,200.0,47.61904761904762,5.3338025357812855,200.0,200.0,37.496701210500355,26.995298470982984,0.0,0.0,,0.8937153627102538,,,,,,,not_applicable,not_applicable,200.0,,,unknown,2,20.0,0.1652053787425315,True,False,35,optical_geometry_proxy,strong_proxy_match,exploratory_proxy,False,"application-planning geometry proxy; not actual weld, bonding, void, ablation, or index-change prediction"
20260618T224339Z,2026-06-18T22:43:39.975687+00:00,1.0.0,capsule_candidate_ell2_w4.2_e40,fast,design_solver,capsule_geometry_proxy,optical_geometry_proxy,inverse_design_sweep,lab_proxy,exploratory,optical_only,none,uncalibrated,optical_geometry_proxy,capsule,accepted_depth_proxy,4.2,200.0,200.0,47.61904761904762,5.3338025357812855,200.0,200.0,37.496701210500355,26.995298470982984,0.0,0.0,,0.8937153627102538,,,,,,,not_applicable,not_applicable,200.0,,,unknown,2,40.0,0.1652053787425315,True,False,36,optical_geometry_proxy,strong_proxy_match,exploratory_proxy,False,"application-planning geometry proxy; not actual weld, bonding, void, ablation, or index-change prediction"
20260618T224339Z,2026-06-18T22:43:39.975756+00:00,1.0.0,capsule_candidate_ell2_w5.0_e10,fast,design_solver,capsule_geometry_proxy,optical_geometry_proxy,inverse_design_sweep,lab_proxy,exploratory,optical_only,none,uncalibrated,optical_geometry_proxy,capsule,accepted_depth_proxy,4.2,200.0,200.0,47.61904761904762,6.34976492354915,200.0,200.0,31.4972290168203,51.1848791321226,0.0,0.0,,0.8307209046766132,,,,,,,not_applicable,not_applicable,200.0,,,unknown,2,10.0,0.1165690774516027,True,False,37,optical_geometry_proxy,strong_proxy_match,exploratory_proxy,False,"application-planning geometry proxy; not actual weld, bonding, void, ablation, or index-change prediction"
20260618T224339Z,2026-06-18T22:43:39.975825+00:00,1.0.0,capsule_candidate_ell2_w5.0_e20,fast,design_solver,capsule_geometry_proxy,optical_geometry_proxy,inverse_design_sweep,lab_proxy,exploratory,optical_only,none,uncalibrated,optical_geometry_proxy,capsule,accepted_depth_proxy,4.2,200.0,200.0,47.61904761904762,6.34976492354915,200.0,200.0,31.4972290168203,51.1848791321226,0.0,0.0,,0.8307209046766132,,,,,,,not_applicable,not_applicable,200.0,,,unknown,2,20.0,0.1165690774516027,True,False,38,optical_geometry_proxy,strong_proxy_match,exploratory_proxy,False,"application-planning geometry proxy; not actual weld, bonding, void, ablation, or index-change prediction"
20260618T224339Z,2026-06-18T22:43:39.975893+00:00,1.0.0,capsule_candidate_ell2_w5.0_e40,fast,design_solver,capsule_geometry_proxy,optical_geometry_proxy,inverse_design_sweep,lab_proxy,exploratory,optical_only,none,uncalibrated,optical_geometry_proxy,capsule,accepted_depth_proxy,4.2,200.0,200.0,47.61904761904762,6.34976492354915,200.0,200.0,31.4972290168203,51.1848791321226,0.0,0.0,,0.8307209046766132,,,,,,,not_applicable,not_applicable,200.0,,,unknown,2,40.0,0.1165690774516027,True,False,39,optical_geometry_proxy,strong_proxy_match,exploratory_proxy,False,"application-planning geometry proxy; not actual weld, bonding, void, ablation, or index-change prediction"
20260618T224339Z,2026-06-18T22:43:39.974255+00:00,1.0.0,capsule_candidate_ell1_w2.0_e10,fast,design_solver,capsule_geometry_proxy,optical_geometry_proxy,inverse_design_sweep,lab_proxy,exploratory,optical_only,none,uncalibrated,optical_geometry_proxy,capsule,accepted_depth_proxy,4.2,200.0,200.0,47.61904761904762,1.5311299636928564,200.00000000000003,200.00000000000003,130.62248453268458,-63.544524673979616,1.4210854715202004e-14,1.4210854715202004e-14,,0.805727141276501,,,,,,,not_applicable,not_applicable,200.00000000000003,,,unknown,1,10.0,0.7285184763180764,True,False,40,optical_geometry_proxy,strong_proxy_match,exploratory_proxy,False,"application-planning geometry proxy; not actual weld, bonding, void, ablation, or index-change prediction"
20260618T224339Z,2026-06-18T22:43:39.974326+00:00,1.0.0,capsule_candidate_ell1_w2.0_e20,fast,design_solver,capsule_geometry_proxy,optical_geometry_proxy,inverse_design_sweep,lab_proxy,exploratory,optical_only,none,uncalibrated,optical_geometry_proxy,capsule,accepted_depth_proxy,4.2,200.0,200.0,47.61904761904762,1.5311299636928564,200.00000000000003,200.00000000000003,130.62248453268458,-63.544524673979616,1.4210854715202004e-14,1.4210854715202004e-14,,0.805727141276501,,,,,,,not_applicable,not_applicable,200.00000000000003,,,unknown,1,20.0,0.7285184763180764,True,False,41,optical_geometry_proxy,strong_proxy_match,exploratory_proxy,False,"application-planning geometry proxy; not actual weld, bonding, void, ablation, or index-change prediction"
20260618T224339Z,2026-06-18T22:43:39.974396+00:00,1.0.0,capsule_candidate_ell1_w2.0_e40,fast,design_solver,capsule_geometry_proxy,optical_geometry_proxy,inverse_design_sweep,lab_proxy,exploratory,optical_only,none,uncalibrated,optical_geometry_proxy,capsule,accepted_depth_proxy,4.2,200.0,200.0,47.61904761904762,1.5311299636928564,200.00000000000003,200.00000000000003,130.62248453268458,-63.544524673979616,1.4210854715202004e-14,1.4210854715202004e-14,,0.805727141276501,,,,,,,not_applicable,not_applicable,200.00000000000003,,,unknown,1,40.0,0.7285184763180764,True,False,42,optical_geometry_proxy,strong_proxy_match,exploratory_proxy,False,"application-planning geometry proxy; not actual weld, bonding, void, ablation, or index-change prediction"
20260618T224339Z,2026-06-18T22:43:39.976429+00:00,1.0.0,capsule_candidate_ell3_w4.2_e10,fast,design_solver,capsule_geometry_proxy,optical_geometry_proxy,inverse_design_sweep,lab_proxy,exploratory,optical_only,none,uncalibrated,optical_geometry_proxy,capsule,accepted_depth_proxy,4.2,200.0,200.0,47.61904761904762,7.336795656168076,200.0,200.0,27.25985694202334,74.68561086114465,0.0,0.0,,0.786228497891245,,,,,,,not_applicable,not_applicable,200.0,,,unknown,3,10.0,0.1652053787425315,True,False,43,optical_geometry_proxy,moderate_proxy_match,exploratory_proxy,False,"application-planning geometry proxy; not actual weld, bonding, void, ablation, or index-change prediction"
20260618T224339Z,2026-06-18T22:43:39.976499+00:00,1.0.0,capsule_candidate_ell3_w4.2_e20,fast,design_solver,capsule_geometry_proxy,optical_geometry_proxy,inverse_design_sweep,lab_proxy,exploratory,optical_only,none,uncalibrated,optical_geometry_proxy,capsule,accepted_depth_proxy,4.2,200.0,200.0,47.61904761904762,7.336795656168076,200.0,200.0,27.25985694202334,74.68561086114465,0.0,0.0,,0.786228497891245,,,,,,,not_applicable,not_applicable,200.0,,,unknown,3,20.0,0.1652053787425315,True,False,44,optical_geometry_proxy,moderate_proxy_match,exploratory_proxy,False,"application-planning geometry proxy; not actual weld, bonding, void, ablation, or index-change prediction"
20260618T224339Z,2026-06-18T22:43:39.976602+00:00,1.0.0,capsule_candidate_ell3_w4.2_e40,fast,design_solver,capsule_geometry_proxy,optical_geometry_proxy,inverse_design_sweep,lab_proxy,exploratory,optical_only,none,uncalibrated,optical_geometry_proxy,capsule,accepted_depth_proxy,4.2,200.0,200.0,47.61904761904762,7.336795656168076,200.0,200.0,27.25985694202334,74.68561086114465,0.0,0.0,,0.786228497891245,,,,,,,not_applicable,not_applicable,200.0,,,unknown,3,40.0,0.1652053787425315,True,False,45,optical_geometry_proxy,moderate_proxy_match,exploratory_proxy,False,"application-planning geometry proxy; not actual weld, bonding, void, ablation, or index-change prediction"
20260618T224339Z,2026-06-18T22:43:39.976684+00:00,1.0.0,capsule_candidate_ell3_w5.0_e10,fast,design_solver,capsule_geometry_proxy,optical_geometry_proxy,inverse_design_sweep,lab_proxy,exploratory,optical_only,none,uncalibrated,optical_geometry_proxy,capsule,accepted_depth_proxy,4.2,200.0,200.0,47.61904761904762,8.734280543057231,200.0,200.0,22.89827983129961,107.95906054898168,0.0,0.0,,0.740431938228646,,,,,,,not_applicable,not_applicable,200.0,,,unknown,3,10.0,0.1165690774516027,True,False,46,optical_geometry_proxy,moderate_proxy_match,exploratory_proxy,False,"application-planning geometry proxy; not actual weld, bonding, void, ablation, or index-change prediction"
20260618T224339Z,2026-06-18T22:43:39.976761+00:00,1.0.0,capsule_candidate_ell3_w5.0_e20,fast,design_solver,capsule_geometry_proxy,optical_geometry_proxy,inverse_design_sweep,lab_proxy,exploratory,optical_only,none,uncalibrated,optical_geometry_proxy,capsule,accepted_depth_proxy,4.2,200.0,200.0,47.61904761904762,8.734280543057231,200.0,200.0,22.89827983129961,107.95906054898168,0.0,0.0,,0.740431938228646,,,,,,,not_applicable,not_applicable,200.0,,,unknown,3,20.0,0.1165690774516027,True,False,47,optical_geometry_proxy,moderate_proxy_match,exploratory_proxy,False,"application-planning geometry proxy; not actual weld, bonding, void, ablation, or index-change prediction"
20260618T224339Z,2026-06-18T22:43:39.976833+00:00,1.0.0,capsule_candidate_ell3_w5.0_e40,fast,design_solver,capsule_geometry_proxy,optical_geometry_proxy,inverse_design_sweep,lab_proxy,exploratory,optical_only,none,uncalibrated,optical_geometry_proxy,capsule,accepted_depth_proxy,4.2,200.0,200.0,47.61904761904762,8.734280543057231,200.0,200.0,22.89827983129961,107.95906054898168,0.0,0.0,,0.740431938228646,,,,,,,not_applicable,not_applicable,200.0,,,unknown,3,40.0,0.1165690774516027,True,False,48,optical_geometry_proxy,moderate_proxy_match,exploratory_proxy,False,"application-planning geometry proxy; not actual weld, bonding, void, ablation, or index-change prediction"
