run_id,generated_at_utc,source_schema_version,case_id,preset,path,generation_method,model_level,hardware_status,plane_label,coordinate_frame,first_order_selected_fraction,qa_status,blaze_period_px,carrier_lpmm,configured_filter_radius_lpmm,effective_filter_radius_lpmm,recommended_filter_radius_lpmm,axicon_cone_radius_lpmm,zero_order_leakage_total_fraction,zero_order_leakage_dc_fraction,bessel_zone_um,zone_capped,first_order_geometry_valid,phase_sampling_label,focal_sampling_label,validity_valid,surface_z_um,is_eligible_optimum,is_optimum
20260616T175155Z,2026-06-16T17:51:55.039178+00:00,1.0.0,carrier_px12_filter2p50,fast,realistic,holographic_axicon,hardware_route,current_lab_realizable,fourier_filter_plane,fourier_filter_plane_spatial_frequency_lpmm,0.7314266443607098,exploratory,12,10.416666666666666,2.5,5.147399835284684,5.147399835284684,5.025329522784684,0.0,0.0,38.1630687820543,False,True,marginal,pass,True,-50.2937944228733,True,False
20260616T175155Z,2026-06-16T17:51:55.039178+00:00,1.0.0,carrier_px12_filter4p00,fast,realistic,holographic_axicon,hardware_route,current_lab_realizable,fourier_filter_plane,fourier_filter_plane_spatial_frequency_lpmm,0.7314266443607098,exploratory,12,10.416666666666666,4.0,5.147399835284684,5.147399835284684,5.025329522784684,0.0,0.0,38.1630687820543,False,True,marginal,pass,True,-50.2937944228733,True,False
20260616T175155Z,2026-06-16T17:51:55.039178+00:00,1.0.0,carrier_px12_filter5p25,fast,realistic,holographic_axicon,hardware_route,current_lab_realizable,fourier_filter_plane,fourier_filter_plane_spatial_frequency_lpmm,0.8814858750933889,exploratory,12,10.416666666666666,5.25,5.25,5.25,5.025329522784684,0.0,0.0,36.142929656582695,False,True,marginal,pass,True,-51.917886514432965,True,False
20260616T175155Z,2026-06-16T17:51:55.039178+00:00,1.0.0,carrier_px12_filter6p00,fast,realistic,holographic_axicon,hardware_route,current_lab_realizable,fourier_filter_plane,fourier_filter_plane_spatial_frequency_lpmm,0.976276778338973,exploratory,12,10.416666666666666,6.0,6.0,6.0,5.025329522784684,0.0,0.0,36.000202813491484,False,True,marginal,pass,True,-56.09289939964387,True,False
20260616T175155Z,2026-06-16T17:51:55.039178+00:00,1.0.0,carrier_px14_filter2p50,fast,realistic,holographic_axicon,hardware_route,current_lab_realizable,fourier_filter_plane,fourier_filter_plane_spatial_frequency_lpmm,0.7312878988716152,exploratory,14,8.928571428571429,2.5,5.147399835284684,5.147399835284684,5.025329522784684,0.0,0.0,38.01997405517777,False,True,marginal,pass,True,-50.240503318690166,True,False
20260616T175155Z,2026-06-16T17:51:55.039178+00:00,1.0.0,carrier_px14_filter4p00,fast,realistic,holographic_axicon,hardware_route,current_lab_realizable,fourier_filter_plane,fourier_filter_plane_spatial_frequency_lpmm,0.7312878988716152,exploratory,14,8.928571428571429,4.0,5.147399835284684,5.147399835284684,5.025329522784684,0.0,0.0,38.01997405517777,False,True,marginal,pass,True,-50.240503318690166,True,False
20260616T175155Z,2026-06-16T17:51:55.039178+00:00,1.0.0,carrier_px14_filter5p25,fast,realistic,holographic_axicon,hardware_route,current_lab_realizable,fourier_filter_plane,fourier_filter_plane_spatial_frequency_lpmm,0.8845318454097245,exploratory,14,8.928571428571429,5.25,5.25,5.25,5.025329522784684,0.0,0.0,36.29762625269498,False,True,marginal,pass,True,-51.887051241152015,True,False
20260616T175155Z,2026-06-16T17:51:55.039178+00:00,1.0.0,carrier_px14_filter6p00,fast,realistic,holographic_axicon,hardware_route,current_lab_realizable,fourier_filter_plane,fourier_filter_plane_spatial_frequency_lpmm,0.9878837390923179,exploratory,14,8.928571428571429,6.0,6.0,6.0,5.025329522784684,0.0,0.0,35.03658568959537,False,True,marginal,pass,True,-55.54711502530229,True,False
20260616T175155Z,2026-06-16T17:51:55.039178+00:00,1.0.0,carrier_px16_filter2p50,fast,realistic,holographic_axicon,hardware_route,current_lab_realizable,fourier_filter_plane,fourier_filter_plane_spatial_frequency_lpmm,0.7354088562407741,exploratory,16,7.8125,2.5,5.147399835284684,5.147399835284684,5.025329522784684,0.0,0.0,38.16194954716859,False,True,marginal,pass,True,-50.29697912644898,True,False
20260616T175155Z,2026-06-16T17:51:55.039178+00:00,1.0.0,carrier_px16_filter4p00,fast,realistic,holographic_axicon,hardware_route,current_lab_realizable,fourier_filter_plane,fourier_filter_plane_spatial_frequency_lpmm,0.7354088562407741,exploratory,16,7.8125,4.0,5.147399835284684,5.147399835284684,5.025329522784684,0.0,0.0,38.16194954716859,False,True,marginal,pass,True,-50.29697912644898,True,False
20260616T175155Z,2026-06-16T17:51:55.039178+00:00,1.0.0,carrier_px16_filter5p25,fast,realistic,holographic_axicon,hardware_route,current_lab_realizable,fourier_filter_plane,fourier_filter_plane_spatial_frequency_lpmm,0.8846943830277806,exploratory,16,7.8125,5.25,5.25,5.25,5.025329522784684,0.0,0.0,35.89557056089486,False,True,marginal,pass,True,-51.831261325009606,True,False
20260616T175155Z,2026-06-16T17:51:55.039178+00:00,1.0.0,carrier_px16_filter6p00,fast,realistic,holographic_axicon,hardware_route,current_lab_realizable,fourier_filter_plane,fourier_filter_plane_spatial_frequency_lpmm,0.9878403347694737,exploratory,16,7.8125,6.0,6.0,6.0,5.025329522784684,0.0,0.0,35.377853702019394,False,True,marginal,pass,True,-55.548268984850814,True,False
20260616T175155Z,2026-06-16T17:51:55.039178+00:00,1.0.0,carrier_px18_filter2p50,fast,realistic,holographic_axicon,hardware_route,current_lab_realizable,fourier_filter_plane,fourier_filter_plane_spatial_frequency_lpmm,0.7342634637319354,exploratory,18,6.944444444444445,2.5,5.147399835284684,5.147399835284684,5.025329522784684,0.0,0.0,38.396467452051034,False,True,pass,pass,True,-50.13760003111427,True,False
20260616T175155Z,2026-06-16T17:51:55.039178+00:00,1.0.0,carrier_px18_filter4p00,fast,realistic,holographic_axicon,hardware_route,current_lab_realizable,fourier_filter_plane,fourier_filter_plane_spatial_frequency_lpmm,0.7342634637319354,exploratory,18,6.944444444444445,4.0,5.147399835284684,5.147399835284684,5.025329522784684,0.0,0.0,38.396467452051034,False,True,pass,pass,True,-50.13760003111427,True,False
20260616T175155Z,2026-06-16T17:51:55.039178+00:00,1.0.0,carrier_px18_filter5p25,fast,realistic,holographic_axicon,hardware_route,current_lab_realizable,fourier_filter_plane,fourier_filter_plane_spatial_frequency_lpmm,0.884991152879644,exploratory,18,6.944444444444445,5.25,5.25,5.25,5.025329522784684,0.0,0.0,35.76021060177482,False,True,pass,pass,True,-51.84389558143231,True,False
20260616T175155Z,2026-06-16T17:51:55.039178+00:00,1.0.0,carrier_px18_filter6p00,fast,realistic,holographic_axicon,hardware_route,current_lab_realizable,fourier_filter_plane,fourier_filter_plane_spatial_frequency_lpmm,0.9878907535893802,exploratory,18,6.944444444444445,6.0,6.0,6.0,5.025329522784684,1.1448952069661523e-05,0.034511106028327874,35.21152574130906,False,True,pass,pass,True,-55.56259643663113,True,True
20260616T175155Z,2026-06-16T17:51:55.039178+00:00,1.0.0,carrier_px20_filter2p50,fast,realistic,holographic_axicon,hardware_route,current_lab_realizable,fourier_filter_plane,fourier_filter_plane_spatial_frequency_lpmm,0.732111295550108,exploratory,20,6.250000000000001,2.5,5.147399835284684,5.147399835284684,5.025329522784684,0.0,0.0,38.01556727371095,False,True,pass,pass,True,-50.33086756475486,True,False
20260616T175155Z,2026-06-16T17:51:55.039178+00:00,1.0.0,carrier_px20_filter4p00,fast,realistic,holographic_axicon,hardware_route,current_lab_realizable,fourier_filter_plane,fourier_filter_plane_spatial_frequency_lpmm,0.732111295550108,exploratory,20,6.250000000000001,4.0,5.147399835284684,5.147399835284684,5.025329522784684,0.0,0.0,38.01556727371095,False,True,pass,pass,True,-50.33086756475486,True,False
20260616T175155Z,2026-06-16T17:51:55.039178+00:00,1.0.0,carrier_px20_filter5p25,fast,realistic,holographic_axicon,hardware_route,current_lab_realizable,fourier_filter_plane,fourier_filter_plane_spatial_frequency_lpmm,0.8857724198305623,exploratory,20,6.250000000000001,5.25,5.25,5.25,5.025329522784684,0.0,0.0,36.02393975686936,False,True,pass,pass,True,-51.87310977718994,True,False
20260616T175155Z,2026-06-16T17:51:55.039178+00:00,1.0.0,carrier_px20_filter6p00,fast,realistic,holographic_axicon,hardware_route,current_lab_realizable,fourier_filter_plane,fourier_filter_plane_spatial_frequency_lpmm,0.9878843596962434,exploratory,20,6.250000000000001,6.0,6.0,6.0,5.025329522784684,0.0024567222677945163,0.8733638135655065,35.269043098839965,False,True,pass,pass,True,-55.54869468172009,False,False
20260616T175155Z,2026-06-16T17:51:55.039178+00:00,1.0.0,carrier_px22_filter2p50,fast,realistic,holographic_axicon,hardware_route,current_lab_realizable,fourier_filter_plane,fourier_filter_plane_spatial_frequency_lpmm,0.7361184154338996,exploratory,22,5.681818181818182,2.5,5.147399835284684,5.147399835284684,5.025329522784684,0.031622028908062885,0.7097262341889453,38.20637981771809,False,True,pass,pass,True,-50.27955276016281,False,False
20260616T175155Z,2026-06-16T17:51:55.039178+00:00,1.0.0,carrier_px22_filter4p00,fast,realistic,holographic_axicon,hardware_route,current_lab_realizable,fourier_filter_plane,fourier_filter_plane_spatial_frequency_lpmm,0.7361184154338996,exploratory,22,5.681818181818182,4.0,5.147399835284684,5.147399835284684,5.025329522784684,0.031622028908062885,0.7097262341889453,38.20637981771809,False,True,pass,pass,True,-50.27955276016281,False,False
20260616T175155Z,2026-06-16T17:51:55.039178+00:00,1.0.0,carrier_px22_filter5p25,fast,realistic,holographic_axicon,hardware_route,current_lab_realizable,fourier_filter_plane,fourier_filter_plane_spatial_frequency_lpmm,0.8854939119451029,exploratory,22,5.681818181818182,5.25,5.25,5.25,5.025329522784684,0.03832729069884292,0.8602194303673831,35.900403008716616,False,True,pass,pass,True,-51.82279162640189,False,False
20260616T175155Z,2026-06-16T17:51:55.039178+00:00,1.0.0,carrier_px22_filter6p00,fast,realistic,holographic_axicon,hardware_route,current_lab_realizable,fourier_filter_plane,fourier_filter_plane_spatial_frequency_lpmm,0.9546784812082758,exploratory,22,5.681818181818182,6.0,5.3977272727272725,6.0,5.025329522784684,0.042560587046979764,0.955231723351623,35.72537286725415,False,False,pass,pass,True,-53.027201342430764,False,False
20260616T175155Z,2026-06-16T17:51:55.039178+00:00,1.0.0,carrier_px24_filter2p50,fast,realistic,holographic_axicon,hardware_route,current_lab_realizable,fourier_filter_plane,fourier_filter_plane_spatial_frequency_lpmm,0.7314266443607098,exploratory,24,5.208333333333333,2.5,5.147399835284684,5.147399835284684,5.025329522784684,0.042960550314049335,0.7170980378918311,38.008294187688065,False,True,pass,pass,True,-50.25408642444487,False,False
20260616T175155Z,2026-06-16T17:51:55.039178+00:00,1.0.0,carrier_px24_filter4p00,fast,realistic,holographic_axicon,hardware_route,current_lab_realizable,fourier_filter_plane,fourier_filter_plane_spatial_frequency_lpmm,0.7314266443607098,exploratory,24,5.208333333333333,4.0,5.147399835284684,5.147399835284684,5.025329522784684,0.042960550314049335,0.7170980378918311,38.008294187688065,False,True,pass,pass,True,-50.25408642444487,False,False
20260616T175155Z,2026-06-16T17:51:55.039178+00:00,1.0.0,carrier_px24_filter5p25,fast,realistic,holographic_axicon,hardware_route,current_lab_realizable,fourier_filter_plane,fourier_filter_plane_spatial_frequency_lpmm,0.2082364410930653,exploratory,24,5.208333333333333,5.25,4.947916666666666,5.25,5.025329522784684,0.011939119983170059,0.19928793862043562,35.83892576769621,False,False,pass,pass,True,-36.70254233411107,False,False
20260616T175155Z,2026-06-16T17:51:55.039178+00:00,1.0.0,carrier_px24_filter6p00,fast,realistic,holographic_axicon,hardware_route,current_lab_realizable,fourier_filter_plane,fourier_filter_plane_spatial_frequency_lpmm,0.2082364410930653,exploratory,24,5.208333333333333,6.0,4.947916666666666,6.0,5.025329522784684,0.011939119983170059,0.19928793862043562,35.83892576769621,False,False,pass,pass,True,-36.70254233411107,False,False
20260616T175155Z,2026-06-16T17:51:55.039178+00:00,1.0.0,carrier_px28_filter2p50,fast,realistic,holographic_axicon,hardware_route,current_lab_realizable,fourier_filter_plane,fourier_filter_plane_spatial_frequency_lpmm,0.0003060744616778873,exploratory,28,4.464285714285714,2.5,4.241071428571429,5.147399835284684,5.025329522784684,2.0319921035859654e-05,0.0003998001742266275,22.875664927427145,False,False,pass,pass,True,0.3804901075183306,False,False
20260616T175155Z,2026-06-16T17:51:55.039178+00:00,1.0.0,carrier_px28_filter4p00,fast,realistic,holographic_axicon,hardware_route,current_lab_realizable,fourier_filter_plane,fourier_filter_plane_spatial_frequency_lpmm,0.0003060744616778873,exploratory,28,4.464285714285714,4.0,4.241071428571429,5.147399835284684,5.025329522784684,2.0319921035859654e-05,0.0003998001742266275,22.875664927427145,False,False,pass,pass,True,0.3804901075183306,False,False
20260616T175155Z,2026-06-16T17:51:55.039178+00:00,1.0.0,carrier_px28_filter5p25,fast,realistic,holographic_axicon,hardware_route,current_lab_realizable,fourier_filter_plane,fourier_filter_plane_spatial_frequency_lpmm,0.0003060744616778873,exploratory,28,4.464285714285714,5.25,4.241071428571429,5.25,5.025329522784684,2.0319921035859654e-05,0.0003998001742266275,22.875664927427145,False,False,pass,pass,True,0.3804901075183306,False,False
20260616T175155Z,2026-06-16T17:51:55.039178+00:00,1.0.0,carrier_px28_filter6p00,fast,realistic,holographic_axicon,hardware_route,current_lab_realizable,fourier_filter_plane,fourier_filter_plane_spatial_frequency_lpmm,0.0003060744616778873,exploratory,28,4.464285714285714,6.0,4.241071428571429,6.0,5.025329522784684,2.0319921035859654e-05,0.0003998001742266275,22.875664927427145,False,False,pass,pass,True,0.3804901075183306,False,False
20260616T175155Z,2026-06-16T17:51:55.039178+00:00,1.0.0,carrier_px32_filter2p50,fast,realistic,holographic_axicon,hardware_route,current_lab_realizable,fourier_filter_plane,fourier_filter_plane_spatial_frequency_lpmm,3.181737626368926e-05,exploratory,32,3.90625,2.5,3.7109375,5.147399835284684,5.025329522784684,2.3375686552237596e-06,0.0006706864665360828,38.63180329167823,False,False,pass,pass,True,0.30183315366897956,False,False
20260616T175155Z,2026-06-16T17:51:55.039178+00:00,1.0.0,carrier_px32_filter4p00,fast,realistic,holographic_axicon,hardware_route,current_lab_realizable,fourier_filter_plane,fourier_filter_plane_spatial_frequency_lpmm,3.181737626368926e-05,exploratory,32,3.90625,4.0,3.7109375,5.147399835284684,5.025329522784684,2.3375686552237596e-06,0.0006706864665360828,38.63180329167823,False,False,pass,pass,True,0.30183315366897956,False,False
20260616T175155Z,2026-06-16T17:51:55.039178+00:00,1.0.0,carrier_px32_filter5p25,fast,realistic,holographic_axicon,hardware_route,current_lab_realizable,fourier_filter_plane,fourier_filter_plane_spatial_frequency_lpmm,3.181737626368926e-05,exploratory,32,3.90625,5.25,3.7109375,5.25,5.025329522784684,2.3375686552237596e-06,0.0006706864665360828,38.63180329167823,False,False,pass,pass,True,0.30183315366897956,False,False
20260616T175155Z,2026-06-16T17:51:55.039178+00:00,1.0.0,carrier_px32_filter6p00,fast,realistic,holographic_axicon,hardware_route,current_lab_realizable,fourier_filter_plane,fourier_filter_plane_spatial_frequency_lpmm,3.181737626368926e-05,exploratory,32,3.90625,6.0,3.7109375,6.0,5.025329522784684,2.3375686552237596e-06,0.0006706864665360828,38.63180329167823,False,False,pass,pass,True,0.30183315366897956,False,False
