label,sweep_parameter,sweep_value,compensated,h_channel_overlap_to_required,v_channel_overlap_to_required,pre_axicon_overlap_to_required,pre_axicon_stokes_rms,pre_axicon_alpha_rms,pre_axicon_power_ratio,phase_rms_error_rad_h,first_order_efficiency,zero_order_leakage_after_iris,rejected_power_fraction,reference_z_mm,z60_full_field_correlation,z60_central_crop_correlation,xz_map_correlation_to_v0,angular_profile_correlation_to_v0,c60,c120,c120_minus_c60,dark_core_ratio,ring_island_count,strict_class,best_plane_correlation,best_plane_z_mm,passes,failure_mode,correction
clean_baseline,clean,0.0,False,0.9495008853196867,0.949500139585201,0.949500512421771,0.522347255224885,0.5538718712738067,0.9497447421582029,0.0,0.9494996144584936,0.0,0.050500385541506376,60.0,0.9930574095679139,0.9930574285273172,0.9977903860014368,0.9987876847675541,0.860788437060783,0.8319230871689275,-0.02886534989185552,0.00149167284351455,0,visual_hexagonal_field,0.9955123188204718,72.575,True,none,
clean_plus_real_slm_aperture,slm_aperture_clip,1.0,False,0.9494866677713865,0.9494859222988109,0.9494862949969127,0.5223437091326746,0.5644584016670706,0.9497280655422174,0.0,0.9494978967579102,0.0,0.05050210324208981,60.0,0.9930576985938014,0.9930577175449107,0.9977908316676191,0.9987874219982806,0.860794952698077,0.8319286853993294,-0.02886626729874764,0.0014917067224054794,0,visual_hexagonal_field,0.9955123490161348,72.575,True,none,
phase_levels_None,phase_levels,inf,False,0.9494866677713865,0.9494859222988109,0.9494862949969127,0.5223437091326746,0.5644584016670706,0.9497280655422174,0.0,0.9494978967579102,0.0,0.05050210324208981,60.0,0.9930576985938014,0.9930577175449107,0.9977908316676191,0.9987874219982806,0.860794952698077,0.8319286853993294,-0.02886626729874764,0.0014917067224054794,0,visual_hexagonal_field,0.9955123490161348,72.575,True,none,
phase_levels_1024,phase_levels,1024.0,False,0.9494866340518352,0.9494858891721898,0.9494862615660217,0.5223516326922546,0.5644473139639095,0.949722840841523,0.0017713926620642076,0.9494926733234343,0.0,0.050507326676565656,60.0,0.9930589468313321,0.9930589657836537,0.9977889896120691,0.9987854565054957,0.8608195214617701,0.8319498857456147,-0.028869635716155417,0.0014928682761362582,0,visual_hexagonal_field,0.9955131677781542,72.575,True,none,
phase_levels_256,phase_levels,256.0,False,0.9494862608745444,0.9494855198662249,0.9494858903407343,0.5223352498293569,0.5644586660331278,0.9496820422791835,0.007067366089762268,0.9494518846487205,0.0,0.050548115351279455,60.0,0.9930573305203293,0.9930573494624745,0.9977925422710863,0.9987888399077064,0.8608436050914271,0.8319836462136886,-0.028859958877738512,0.0014927517545954613,0,visual_hexagonal_field,0.9955132302567229,72.575,True,none,
phase_levels_64,phase_levels,64.0,False,0.9494836189312388,0.9494828034684907,0.9494832111469546,0.5222408325129625,0.5644906329743179,0.9489638330329153,0.02834891323846114,0.9487338494621168,0.0,0.05126615053788319,60.0,0.9930537402479039,0.9930537592653718,0.9978067878217517,0.9987904961074789,0.8606918951413933,0.8317385145547903,-0.028953380586603017,0.0014844459121887996,0,visual_hexagonal_field,0.9955140008332104,72.575,True,none,
phase_levels_16,phase_levels,16.0,False,0.9494149804019935,0.9494146326375028,0.9494147994094843,0.5209931841138364,0.5639680253182409,0.9376973840695947,0.11335770960055695,0.9374701309486544,0.0,0.06252986905134561,60.0,0.9930285116887335,0.9930285306346435,0.9976983191734435,0.9985142343547848,0.8619676991072379,0.8338369274805911,-0.02813077162664679,0.001531698217080493,0,visual_hexagonal_field,0.9955116938452937,72.575,True,none,
hv_piston_rad_0.0,hv_piston_rad,0.0,False,0.9494866677713865,0.9494859222988109,0.9494862949969127,0.5223437091326746,0.5644584016670706,0.9497280655422174,0.0,0.9494978967579102,0.0,0.05050210324208981,60.0,0.9930576985938014,0.9930577175449107,0.9977908316676191,0.9987874219982806,0.860794952698077,0.8319286853993294,-0.02886626729874764,0.0014917067224054794,0,visual_hexagonal_field,0.9955123490161348,72.575,True,none,
hv_piston_rad_0.1,hv_piston_rad,0.1,False,0.9494866677713865,0.9494859222988109,0.9471139556820588,0.5305290140881792,0.5658354879119093,0.9497280655422174,0.0,0.9494978967579103,0.0,0.0505021032420897,60.0,0.9930577819970856,0.9930578009481938,0.9977908533718517,0.9987873634676846,0.8607975964883285,0.8319318325375623,-0.028865763950766232,0.0015766398640053119,0,visual_hexagonal_field,0.9955123271719882,72.575,True,none,
hv_piston_rad_0.2,hv_piston_rad,0.2,False,0.9494866677713865,0.9494859222988103,0.9400218433970543,0.5542348853294649,0.5700012227893051,0.9497280655422174,0.0,0.9494978967579102,0.0,0.05050210324208981,60.0,0.993057864222941,0.9930578831740484,0.9977908747041517,0.9987873055306602,0.8608002218614664,0.831934957565637,-0.028865264295829474,0.0016607232727141024,0,visual_hexagonal_field,0.9955123053577193,72.575,True,none,
hv_piston_rad_0.4,hv_piston_rad,0.4,False,0.9494866677713865,0.9494859222988103,0.9120081984643141,0.6392983697258565,0.5864911961175884,0.9497280655422174,0.0,0.9494978967579103,0.0,0.0505021032420897,60.0,0.9930580217265202,0.9930580406776258,0.9977909142566712,0.998787191771713,0.8608052902102309,0.8319409990088874,-0.028864291201343484,0.0018229975929672509,0,visual_hexagonal_field,0.9955122620955331,72.575,True,none,
hv_piston_rad_0.8,hv_piston_rad,0.8,False,0.9494866677713865,0.9494859222988101,0.8054955649736882,0.8914175894412768,0.6489069348345972,0.9497280655422174,0.0,0.9494978967579102,0.0,0.05050210324208981,60.0,0.9930582880019028,0.9930583069530052,0.9977909780803561,0.9987869958084559,0.860814041235395,0.831951450017145,-0.028862591218249967,0.002101969528114288,0,visual_hexagonal_field,0.9955121833930849,72.575,True,none,
hv_piston_rad_1.6,hv_piston_rad,1.6,False,0.9494866677713865,0.9494859222988093,0.4608748567871736,1.429365711600015,0.8557487799761403,0.9497280655422174,0.0,0.9494978967579103,0.0,0.0505021032420897,60.0,0.9930585059761113,0.9930585249272096,0.9977910316424814,0.9987868262745716,0.8608217347851033,0.8319607354989443,-0.028860999286158928,0.002342022657886264,0,visual_hexagonal_field,0.9955121069849948,72.575,True,none,
hv_piston_rad_3.141592653589793,hv_piston_rad,3.141592653589793,False,0.9494866677713865,0.9494859222988109,3.823214750576539e-11,1.9267506007576003,1.281754330695737,0.9497280655422174,0.0,0.9494978967579102,0.0,0.05050210324208981,60.0,0.9930576642014233,0.9930576831525311,0.9977908413820094,0.9987874254385773,0.8607955735147215,0.8319297878850649,-0.028865785629656582,0.001491650949145493,0,visual_hexagonal_field,0.9955123225170642,72.575,True,none,
hv_piston_rad_4.7,hv_piston_rad,4.7,False,0.9494866677713865,0.9494859222988103,0.46886773414530986,1.4190300203693167,0.8515464021335795,0.9497280655422174,0.0,0.9494978967579105,0.0,0.05050210324208948,60.0,0.9930568304182767,0.9930568493693877,0.9977905894074806,0.9987880005049683,0.8607687611792368,0.8318977130282857,-0.028871048150951095,0.0006409502072152348,0,visual_hexagonal_field,0.9955125394997759,72.575,True,none,
hv_piston_rad_5.883185307179586,hv_piston_rad,5.883185307179586,False,0.9494866677713865,0.9494859222988101,0.9120128871975879,0.6391370543556313,0.5868693560852635,0.9497280655422174,0.0,0.9494978967579103,0.0,0.0505021032420897,60.0,0.9930573691949361,0.9930573881460469,0.9977907419763323,0.9987876493761865,0.8607846608859187,0.8319164550817045,-0.02886820580421412,0.001160398312357293,0,visual_hexagonal_field,0.9955124302218582,72.575,True,none,
hv_amplitude_ratio_0.8,hv_amplitude_ratio,0.8,False,0.9494866677713865,0.9494859222988102,0.9379072293064491,0.5881095828593131,0.5644584016670707,0.778777028338444,0.0,0.9494979145509455,0.0,0.050502085449054546,60.0,0.9827331567769217,0.9827331733816964,0.997774203966271,0.9864386984752838,0.835375857447817,0.8205807907872213,-0.014795066660595602,0.0012243756024673512,0,visual_hexagonal_field,0.9852524937893328,72.575,True,none,
hv_amplitude_ratio_0.9,hv_amplitude_ratio,0.9,False,0.9494866677713865,0.9494859222988103,0.9468634215599452,0.5356656422114632,0.5644584016670706,0.8595039070180037,0.0,0.9494979052666731,0.0,0.0505020947333269,60.0,0.9906806665352591,0.9906806849485846,0.997786276075341,0.9959073628812636,0.8529943077618699,0.8295706089970122,-0.023423698764857726,0.0013529387472388929,0,visual_hexagonal_field,0.9931762631827834,72.575,True,none,
hv_amplitude_ratio_0.95,hv_amplitude_ratio,0.95,False,0.9494866677713865,0.9494859222988099,0.9488624620369261,0.52311956575962,0.5644584016670707,0.9034288262995288,0.0,0.9494979009119567,0.0,0.05050209908804326,60.0,0.9924958601093297,0.9924958789373711,0.9977893854466388,0.9980909686411957,0.858012664574891,0.8314949379151374,-0.026517726659753604,0.0014224009887398264,0,visual_hexagonal_field,0.994972407516276,72.575,True,none,
hv_amplitude_ratio_1.0,hv_amplitude_ratio,1.0,False,0.9494866677713865,0.9494859222988109,0.9494862949969127,0.5223437091326746,0.5644584016670706,0.9497280655422174,0.0,0.9494978967579102,0.0,0.05050210324208981,60.0,0.9930576985938014,0.9930577175449107,0.9977908316676191,0.9987874219982806,0.860794952698077,0.8319286853993294,-0.02886626729874764,0.0014917067224054794,0,visual_hexagonal_field,0.9955123490161348,72.575,True,none,
hv_amplitude_ratio_1.05,hv_amplitude_ratio,1.05,False,0.9494866677713865,0.9494859222988107,0.948921788773985,0.5346523231287692,0.5644584016670705,0.9984016247460697,0.0,0.9494978928062533,0.0,0.050502107193746704,60.0,0.9925262145908987,0.9925262334091135,0.9977908300750208,0.9981857853622421,0.8616049814117929,0.8310656932706302,-0.03053928814116269,0.0014294288514554204,0,visual_hexagonal_field,0.9949573569479397,72.575,True,none,
hv_amplitude_ratio_1.1,hv_amplitude_ratio,1.1,False,0.9494866677713865,0.9494859222988098,0.9473381206818146,0.5604485112588221,0.5644584016670706,1.0494495039110858,0.0,0.9494978890556465,0.0,0.05050211094435353,60.0,0.9910645751695459,0.9910645936377859,0.9977895863254778,0.9964810073840353,0.8607179851098881,0.8291040250143492,-0.03161396009553885,0.0013751948453846017,0,visual_hexagonal_field,0.9934716131381062,72.575,True,none,
hv_amplitude_ratio_1.2,hv_amplitude_ratio,1.2,False,0.9494866677713865,0.9494859222988095,0.9417035913701297,0.6498745971122118,0.5644584016670705,1.1586682221246074,0.0,0.9494978821410456,0.0,0.05050211785895442,60.0,0.9859726614846357,0.9859726787560902,0.9977841211824516,0.9905100273164108,0.8549218454988394,0.8226391784963675,-0.032282667002471954,0.0012858404172175644,0,visual_hexagonal_field,0.9883326563197645,72.575,True,none,
qwp_angle_error_deg_-2.0,qwp_angle_error_deg,-2.0,False,0.9494866677713865,0.9494859222988109,0.9471752239179899,0.5282981414260547,0.5651019763096068,0.9497280655422171,0.0,0.9494978967579102,0.0,0.05050210324208981,60.0,0.9930576320357246,0.9930576509868313,0.997790835284678,0.9987874994676645,0.8607931302789584,0.8319264642953644,-0.028866665983593998,0.0014313747758094924,0,visual_hexagonal_field,0.9955123415235413,72.575,True,none,
qwp_angle_error_deg_-1.0,qwp_angle_error_deg,-1.0,False,0.9494866677713865,0.9494859222988109,0.948908192351459,0.5238357479177714,0.5646157576842432,0.9497280655422171,0.0,0.9494978967579102,0.0,0.05050210324208981,60.0,0.9930576653137264,0.9930576842648341,0.9977908336448009,0.9987874604732636,0.8607940489774532,0.8319275808694229,-0.028866468108030285,0.0014617551364925357,0,visual_hexagonal_field,0.9955123452171795,72.575,True,none,
qwp_angle_error_deg_-0.5,qwp_angle_error_deg,-0.5,False,0.9494866677713865,0.9494859222988109,0.9493417944388207,0.5227150094982027,0.564497028886267,0.9497280655422171,0.0,0.9494978967579102,0.0,0.05050210324208981,60.0,0.9930576819759082,0.9930577009270165,0.9977908326656604,0.9987874416608833,0.8607945040462582,0.8319281345240066,-0.028866369522251634,0.001476790090679706,0,visual_hexagonal_field,0.9955123471498138,72.575,True,none,
qwp_angle_error_deg_-0.25,qwp_angle_error_deg,-0.25,False,0.9494866677713865,0.9494859222988109,0.9494501944472389,0.5224354605107501,0.5644679917825682,0.9497280655422171,0.0,0.9494978967579102,0.0,0.05050210324208981,60.0,0.9930576903799238,0.9930577093310324,0.9977908322528438,0.9987874318338772,0.8607947312498252,0.8319284127075242,-0.02886631854230104,0.0014842638385975451,0,visual_hexagonal_field,0.9955123480771346,72.575,True,none,
qwp_angle_error_deg_-0.1,qwp_angle_error_deg,-0.1,False,0.9494866677713865,0.9494859222988109,0.9494805314603031,0.5223578599904658,0.5644598404791955,0.9497280655422171,0.0,0.9494978967579102,0.0,0.05050210324208981,60.0,0.9930576951008644,0.9930577140519733,0.9977908319600101,0.9987874261626223,0.8607948599784461,0.8319285733840721,-0.028866286594373958,0.0014887333437158623,0,visual_hexagonal_field,0.9955123487415427,72.575,True,none,
qwp_angle_error_deg_0.0,qwp_angle_error_deg,0.0,False,0.9494866677713865,0.9494859222988109,0.9494862949969127,0.5223437091326746,0.5644584016670706,0.9497280655422174,0.0,0.9494978967579102,0.0,0.05050210324208981,60.0,0.9930576985938014,0.9930577175449107,0.9977908316676191,0.9987874219982806,0.860794952698077,0.8319286853993294,-0.02886626729874764,0.0014917067224054794,0,visual_hexagonal_field,0.9955123490161348,72.575,True,none,
qwp_angle_error_deg_0.1,qwp_angle_error_deg,0.1,False,0.9494866677713865,0.9494859222988109,0.9494804893662884,0.5223596298467101,0.5644608355380021,0.9497280655422174,0.0,0.9494978967579102,0.0,0.05050210324208981,60.0,0.9930577019946156,0.993057720945725,0.9977908317184908,0.9987874183848033,0.8607950430123386,0.8319287959987934,-0.02886624701354512,0.001494674710891079,0,visual_hexagonal_field,0.9955123494338006,72.575,True,none,
qwp_angle_error_deg_0.25,qwp_angle_error_deg,0.25,False,0.9494866677713865,0.9494859222988109,0.9494500892150097,0.5224398878763861,0.564470853338543,0.9497280655422173,0.0,0.9494978967579102,0.0,0.05050210324208981,60.0,0.9930577068799922,0.9930577258311014,0.9977908313032064,0.9987874121417621,0.8607951779395384,0.8319289606271528,-0.02886621731238559,0.001499116954131644,0,visual_hexagonal_field,0.9955123498386012,72.575,True,none,
qwp_angle_error_deg_0.5,qwp_angle_error_deg,0.5,False,0.9494866677713865,0.9494859222988109,0.9493415839944276,0.5227238836807123,0.564501570827543,0.9497280655422174,0.0,0.9494978967579102,0.0,0.05050210324208981,60.0,0.9930577151739269,0.9930577341250364,0.9977908308239491,0.9987874026388588,0.8607954004781492,0.83192923366822,-0.02886616680992915,0.0015064932145880145,0,visual_hexagonal_field,0.9955123507377476,72.575,True,none,
qwp_angle_error_deg_1.0,qwp_angle_error_deg,1.0,False,0.9494866677713865,0.9494859222988109,0.9489077716231546,0.5238536514811158,0.5646200630903088,0.9497280655422171,0.0,0.9494978967579102,0.0,0.05050210324208981,60.0,0.9930577320406498,0.9930577509917603,0.9977908298307077,0.9987873836976549,0.8607958442351569,0.8319297799112315,-0.028866064323925356,0.0015211385708257458,0,visual_hexagonal_field,0.9955123526867241,72.575,True,none,
qwp_angle_error_deg_2.0,qwp_angle_error_deg,2.0,False,0.9494866677713865,0.9494859222988109,0.9471743837442396,0.5283351771837742,0.5650967136788422,0.9497280655422174,0.0,0.9494978967579102,0.0,0.05050210324208981,60.0,0.9930577655816724,0.9930577845327846,0.9977908279926647,0.9987873454243614,0.8607967176306158,0.8319308573131183,-0.028865860317497494,0.0015499607184114163,0,visual_hexagonal_field,0.9955123559908449,72.575,True,none,
qwp_retardance_error_deg_-5.0,qwp_retardance_error_deg,-5.0,False,0.9494866677713865,0.9494859222988109,0.947679753736929,0.5254713430984475,0.5645093331705059,0.9497280655422173,0.0,0.9494978967579102,0.0,0.05050210324208981,60.0,0.9930576988778246,0.9930577178289337,0.9977908320420802,0.9987874273696178,0.8607948704726822,0.831928567354361,-0.028866303118321168,0.0014901693295706947,0,visual_hexagonal_field,0.9955123740920618,72.575,True,none,
qwp_retardance_error_deg_-2.0,qwp_retardance_error_deg,-2.0,False,0.9494866677713865,0.9494859222988109,0.9491970941964225,0.5228456562678147,0.5644664968722085,0.9497280655422174,0.0,0.9494978967579102,0.0,0.05050210324208981,60.0,0.9930576986821312,0.9930577176332401,0.9977908319333089,0.9987874240531751,0.8607949338520668,0.831928652052244,-0.028866281799822868,0.0014914779527996185,0,visual_hexagonal_field,0.9955123592061483,72.575,True,none,
qwp_retardance_error_deg_-1.0,qwp_retardance_error_deg,-1.0,False,0.9494866677713865,0.9494859222988109,0.949413989264971,0.5224692511156466,0.5644604252644901,0.9497280655422174,0.0,0.9494978967579102,0.0,0.05050210324208981,60.0,0.9930576985352079,0.9930577174863169,0.9977908318309947,0.9987874231563911,0.8607949447504127,0.8319286712025664,-0.02886627354784632,0.0014916567237827656,0,visual_hexagonal_field,0.995512354112736,72.575,True,none,
qwp_retardance_error_deg_0.0,qwp_retardance_error_deg,0.0,False,0.9494866677713865,0.9494859222988109,0.9494862949969127,0.5223437091326746,0.5644584016670706,0.9497280655422174,0.0,0.9494978967579102,0.0,0.05050210324208981,60.0,0.9930576985938014,0.9930577175449107,0.9977908316676191,0.9987874219982806,0.860794952698077,0.8319286853993294,-0.02886626729874764,0.0014917067224054794,0,visual_hexagonal_field,0.9955123490161348,72.575,True,none,
qwp_retardance_error_deg_1.0,qwp_retardance_error_deg,1.0,False,0.9494866677713865,0.9494859222988109,0.9494139893672204,0.5224692493922861,0.5644604239889426,0.9497280655422174,0.0,0.9494978967579102,0.0,0.05050210324208981,60.0,0.9930576985318758,0.9930577174829851,0.997790831580586,0.998787421127157,0.8607949531648811,0.8319286919897186,-0.028866261175162444,0.001491627696421566,0,visual_hexagonal_field,0.9955123439295718,72.575,True,none,
qwp_retardance_error_deg_2.0,qwp_retardance_error_deg,2.0,False,0.9494866677713865,0.9494859222988109,0.9491970944008897,0.5228456528240997,0.5644664943964607,0.9497280655422174,0.0,0.9494978967579102,0.0,0.05050210324208981,60.0,0.9930576981851669,0.9930577171362761,0.9977908315386897,0.9987874200792779,0.8607949499713651,0.8319286941931506,-0.028866255778214445,0.001491420006218934,0,visual_hexagonal_field,0.9955123390740792,72.575,True,none,
qwp_retardance_error_deg_5.0,qwp_retardance_error_deg,5.0,False,0.9494866677713865,0.9494859222988109,0.9476797542475529,0.5254713345413098,0.5645093268946602,0.9497280655422174,0.0,0.9494978967579102,0.0,0.05050210324208981,60.0,0.9930576979435459,0.9930577168946556,0.9977908316094659,0.9987874156846197,0.8607949112817109,0.8319286707205056,-0.028866240561205347,0.00149002514814974,0,visual_hexagonal_field,0.9955123235261342,72.575,True,none,
iris_radius_frac_0.24,iris_radius_frac,0.24,False,0.9135239843524282,0.9135228888681645,0.9135234365157857,0.6715679766323067,0.6013826376680609,0.9137528847204751,0.0,0.913531434604106,0.0,0.08646856539589398,60.0,0.9843685618547207,0.9843686016170659,0.9939593343933638,0.9882870416330224,0.8548137669020683,0.8302984434446447,-0.024515323457423688,0.0016835945103510822,0,visual_hexagonal_field,0.9890951598304796,72.575,True,none,
iris_radius_frac_0.32,iris_radius_frac,0.32,False,0.936316847556449,0.9363159631929665,0.936316405314882,0.5828981455993508,0.5832158380689862,0.9365548322791621,0.0,0.9363278560582798,0.0,0.06367214394172016,60.0,0.9898445866405317,0.9898446104293022,0.9959615409125282,0.997948334573506,0.8577508186414884,0.8298769144621456,-0.027873904179342768,0.00105998313096309,0,visual_hexagonal_field,0.9923241377752547,72.575,True,none,
iris_radius_frac_0.4,iris_radius_frac,0.4,False,0.9494866677713865,0.9494859222988109,0.9494862949969127,0.5223437091326746,0.5644584016670706,0.9497280655422174,0.0,0.9494978967579102,0.0,0.05050210324208981,60.0,0.9930576985938014,0.9930577175449107,0.9977908316676191,0.9987874219982806,0.860794952698077,0.8319286853993294,-0.02886626729874764,0.0014917067224054794,0,visual_hexagonal_field,0.9955123490161348,72.575,True,none,
iris_radius_frac_0.48,iris_radius_frac,0.48,False,0.9583711122379557,0.9583704676236354,0.9583707899094941,0.4766775068439867,0.5405126420828561,0.9586145307670596,0.0,0.9583822083274358,0.0,0.041617791672564186,60.0,0.9956264985486453,0.9956265179147036,0.9984522114471336,0.9995209488765481,0.8555908531283865,0.8260454412590742,-0.029545411869312255,0.001308028142126182,0,visual_hexagonal_field,0.9965289062311473,72.575,True,none,
iris_radius_frac_0.6,iris_radius_frac,0.6,False,0.9671673303897196,0.9671667929925699,0.9671670616814886,0.4255932734748209,0.5248226405510237,0.9674141613309873,0.0,0.967179706280627,0.0016441094826386213,0.032820293719373006,60.0,0.9972690443017279,0.9972690661049691,0.9989293252676682,0.9998482307647302,0.8557875433004897,0.8274665382091007,-0.028321005091389018,0.001215774320660801,0,visual_hexagonal_field,0.9972690443017279,60.0,True,none,
iris_radius_frac_0.8,iris_radius_frac,0.8,False,0.9757029392494865,0.9757025169668005,0.9757027281020155,0.3687053078210663,0.5007985978338938,0.9759526991234984,0.0,0.9757161747388364,0.019250301567365905,0.024283825261163572,60.0,0.9983111403189743,0.998311161266108,0.9992666812219714,0.9997952409553961,0.8559249337194537,0.8277019463407436,-0.028222987378710096,0.0011894367931380523,0,visual_hexagonal_field,0.9983111403189743,60.0,True,none,
iris_decentre_fx_lpmm_-1.5,iris_decentre_fx_lpmm,-1.5,False,0.927508983354809,0.9275042289458524,0.9275066060836158,0.5632119306208181,0.6019549484492122,0.9277422336567346,0.0,0.9275173931894273,1.1002488866001546e-05,0.07248260681057273,60.0,0.9880743371411851,0.9880743758049806,0.9949335131415102,0.9943816918144027,0.8543849715199919,0.8257384088178509,-0.028646562702141054,0.004400076517211145,0,visual_hexagonal_field,0.9907820905778838,72.575,True,none,
iris_decentre_fx_lpmm_-1.0,iris_decentre_fx_lpmm,-1.0,False,0.941892753962697,0.9418907706236138,0.9418917622527415,0.5263832685563483,0.5570352965355738,0.9421309220972311,0.0,0.941902594498137,0.0,0.05809740550186304,60.0,0.9917602129720267,0.9917602378012229,0.9962382380730647,0.9973188795756616,0.8540523770782368,0.8237929027554298,-0.030259474322806956,0.0034804723164378196,0,visual_hexagonal_field,0.9935965085975627,72.575,True,none,
iris_decentre_fx_lpmm_-0.5,iris_decentre_fx_lpmm,-0.5,False,0.9479134546006711,0.9479125706610573,0.9479130125903391,0.5168909037394576,0.5438710253838867,0.9481542666079272,0.0,0.9479244792374166,0.0,0.05207552076258337,60.0,0.9925627186834061,0.9925627412661182,0.9971142544453081,0.9990716682699251,0.8576906334450484,0.8282399358248176,-0.02945069762023078,0.0018749021835984393,0,visual_hexagonal_field,0.995006468873544,72.575,True,none,
iris_decentre_fx_lpmm_0.0,iris_decentre_fx_lpmm,0.0,False,0.9494866677713865,0.9494859222988109,0.9494862949969127,0.5223437091326746,0.5644584016670706,0.9497280655422174,0.0,0.9494978967579102,0.0,0.05050210324208981,60.0,0.9930576985938014,0.9930577175449107,0.9977908316676191,0.9987874219982806,0.860794952698077,0.8319286853993294,-0.02886626729874764,0.0014917067224054794,0,visual_hexagonal_field,0.9955123490161348,72.575,True,none,
iris_decentre_fx_lpmm_0.5,iris_decentre_fx_lpmm,0.5,False,0.9479133084343391,0.9479126797969883,0.9479129940751759,0.5168910071564998,0.5438707402678613,0.9481542555323768,0.0,0.9479244681645503,0.0,0.05207553183544966,60.0,0.9929269424653767,0.9929269641226357,0.9977079776686999,0.9994236168634284,0.8558493927284266,0.8278484061175309,-0.028000986610895784,0.001399004803741615,0,visual_hexagonal_field,0.9946739148155025,72.575,True,none,
iris_decentre_fx_lpmm_1.0,iris_decentre_fx_lpmm,1.0,False,0.9418915427395367,0.9418919046708084,0.9418917236648836,0.5263834716425247,0.5570351108557025,0.9421308999171796,0.0,0.9419025723234609,0.0,0.05809742767653914,60.0,0.9913640492495481,0.9913640743003724,0.9971064485112265,0.995618903082854,0.8579297924298028,0.8286723994145272,-0.029257393015275635,0.002050984651825834,0,visual_hexagonal_field,0.9935433885277177,72.575,True,none,
iris_decentre_fx_lpmm_1.5,iris_decentre_fx_lpmm,1.5,False,0.9275051084255511,0.9275079811712097,0.9275065447317694,0.5632121900417878,0.6019545656560849,0.9277422016118675,0.0,0.9275173611523262,0.0,0.07248263884767381,60.0,0.9868732703179958,0.9868733053236277,0.9962153864741113,0.990148517415273,0.8507523765021332,0.8209144084681718,-0.029837968033961437,0.0029836763600073267,0,visual_hexagonal_field,0.9899019327359013,72.575,True,none,
hv_shift_um_0.0,hv_shift_um,0.0,False,0.9494866677713865,0.9494859222988109,0.9494862949969127,0.5223437091326746,0.5644584016670706,0.9497280655422174,0.0,0.9494978967579102,0.0,0.05050210324208981,60.0,0.9930576985938014,0.9930577175449107,0.9977908316676191,0.9987874219982806,0.860794952698077,0.8319286853993294,-0.02886626729874764,0.0014917067224054794,0,visual_hexagonal_field,0.9955123490161348,72.575,True,none,
hv_shift_um_8.0,hv_shift_um,8.0,False,0.9494866677713865,0.9489692564613579,0.9254109978215687,0.5982847145665887,0.5766417574018312,0.852667575705278,0.0,0.9513953586701223,0.0,0.04860464132987774,60.0,0.9901598613343926,0.9901598796540907,0.9977489229956136,0.9955329731202625,0.8522362703017746,0.8299942844715861,-0.02224198583018855,0.0009892519900499713,0,visual_hexagonal_field,0.9927172073406118,72.575,True,none,
hv_shift_um_16.0,hv_shift_um,16.0,False,0.9494866677713865,0.9473570858593344,0.8519246770226316,0.7710678194590291,0.6197891241143032,0.8416838289591404,0.0,0.9516381953830605,0.0,0.04836180461693951,60.0,0.9891899750452023,0.9891899932030349,0.997715541536555,0.9946922174070222,0.8502444190073468,0.8290810519953922,-0.021163367011954648,0.0007507433036803739,0,visual_hexagonal_field,0.9917680267509287,72.575,True,none,
hv_shift_um_40.0,hv_shift_um,40.0,False,0.9494866677713865,0.9388356524024921,0.47159015723372183,1.3404111263406868,0.8485616991971734,0.8363063234046741,0.0,0.9517594227752905,0.0,0.048240577224709535,60.0,0.9878114770264924,0.9878114952669445,0.997367037830274,0.9937143312044223,0.8482389781133268,0.827745777525105,-0.020493200588221794,0.0007159440179634573,0,visual_hexagonal_field,0.9905159692274437,72.575,True,none,
hv_shift_um_80.0,hv_shift_um,80.0,False,0.9494866677713865,0.9106920468925395,0.0007045158392536044,1.8800035357412093,1.2867705045501552,0.9192563524287123,0.0,0.9500495246255511,0.0,0.049950475374448855,60.0,0.9885656936319147,0.9885657136725531,0.9954297149879652,0.9929815122856842,0.8554723071681759,0.8285491279110477,-0.02692317925712817,0.0032428664917755904,0,visual_hexagonal_field,0.9917846974867055,72.575,True,none,
hv_shift_um_160.0,hv_shift_um,160.0,False,0.9494866677713865,0.8119677292851455,0.8806041148165056,0.630285002793549,0.5404252705597479,0.8935130712054293,0.0,0.950545507533442,0.0,0.049454492466557975,60.0,0.9753420303634176,0.9753420533197146,0.988561446138025,0.9791779581215964,0.8387480199113697,0.8153333454484304,-0.023414674462939322,0.007852899348555644,0,visual_hexagonal_field,0.9810660084014691,72.575,True,none,
axicon_decentre_mm_0.0,axicon_decentre_mm,0.0,False,0.9494866677713865,0.9494859222988109,0.9494862949969127,0.5223437091326746,0.5644584016670706,0.9497280655422174,0.0,0.9494978967579102,0.0,0.05050210324208981,60.0,0.9930576985938014,0.9930577175449107,0.9977908316676191,0.9987874219982806,0.860794952698077,0.8319286853993294,-0.02886626729874764,0.0014917067224054794,0,visual_hexagonal_field,0.9955123490161348,72.575,True,none,
axicon_decentre_mm_0.05,axicon_decentre_mm,0.05,False,0.9494866677713865,0.9494859222988109,0.9494862949969127,0.5223437091326746,0.5644584016670706,0.9497280655422174,0.0,0.9494978967579102,0.0,0.05050210324208981,60.0,0.9895320447543052,0.9895320647836511,0.991518034558677,0.9943397909702028,0.8569909873582193,0.8303646148917846,-0.026626372466434733,0.0037791210041966763,0,visual_hexagonal_field,0.992954910195272,72.575,True,none,
axicon_decentre_mm_0.1,axicon_decentre_mm,0.1,False,0.9494866677713865,0.9494859222988109,0.9494862949969127,0.5223437091326746,0.5644584016670706,0.9497280655422174,0.0,0.9494978967579102,0.0,0.05050210324208981,60.0,0.979446660367315,0.9794466836416661,0.9744478105459574,0.983044778667153,0.8499856949178566,0.8248127024601866,-0.025172992457670018,0.009247543696143197,0,visual_hexagonal_field,0.9851980537215657,72.575,True,none,
axicon_decentre_mm_0.2,axicon_decentre_mm,0.2,False,0.9494866677713865,0.9494859222988109,0.9494862949969127,0.5223437091326746,0.5644584016670706,0.9497280655422174,0.0,0.9494978967579102,0.0,0.05050210324208981,60.0,0.9421203534776625,0.9421203929429599,0.9137223337339471,0.9455565796914722,0.8296709354251167,0.8093824910675409,-0.02028844435757582,0.03470036485614621,0,visual_hexagonal_field,0.9553557772694642,72.575,True,none,
axicon_decentre_mm_0.5,axicon_decentre_mm,0.5,False,0.9494866677713865,0.9494859222988109,0.9494862949969127,0.5223437091326746,0.5644584016670706,0.9497280655422174,0.0,0.9494978967579102,0.0,0.05050210324208981,60.0,0.7888065121608409,0.7888068823548964,0.6775281549438948,0.7873099933132679,0.7386735731695909,0.7310929072897755,-0.007580665879815429,0.2801970611737157,0,visual_hexagonal_field,0.8814101078792991,108.81249999999999,False,blurred_hexagon,
axicon_decentre_mm_1.0,axicon_decentre_mm,1.0,False,0.9494866677713865,0.9494859222988109,0.9494862949969127,0.5223437091326746,0.5644584016670706,0.9497280655422174,0.0,0.9494978967579102,0.0,0.05050210324208981,60.0,0.7409739958612478,0.7409872320736048,0.4350099211893075,0.8700649284198511,0.6512951977625931,0.6051869795670156,-0.04610821819557753,1.8250871304113347,0,triangular_lobed_field,0.7527842652169634,108.81249999999999,False,triangular_dark_core,
z_offset_mm_-20.0,z_offset_mm,-20.0,False,0.9494866677713865,0.9494859222988109,0.9494862949969127,0.5223437091326746,0.5644584016670706,0.9497280655422174,0.0,0.9494978967579102,0.0,0.05050210324208981,36.3375,0.9790537764385079,0.9790549778154877,0.9977908316676191,0.9885859503901258,0.8571514513759553,0.8286812830081781,-0.02847016836777716,0.0027094686124165754,0,visual_hexagonal_field,0.9955123490161348,72.575,True,none,
z_offset_mm_-10.0,z_offset_mm,-10.0,False,0.9494866677713865,0.9494859222988109,0.9494862949969127,0.5223437091326746,0.5644584016670706,0.9497280655422174,0.0,0.9494978967579102,0.0,0.05050210324208981,60.0,0.9930576985938014,0.9930577175449107,0.9977908316676191,0.9987874219982806,0.860794952698077,0.8319286853993294,-0.02886626729874764,0.0014917067224054794,0,visual_hexagonal_field,0.9955123490161348,72.575,True,none,
z_offset_mm_-5.0,z_offset_mm,-5.0,False,0.9494866677713865,0.9494859222988109,0.9494862949969127,0.5223437091326746,0.5644584016670706,0.9497280655422174,0.0,0.9494978967579102,0.0,0.05050210324208981,60.0,0.9930576985938014,0.9930577175449107,0.9977908316676191,0.9987874219982806,0.860794952698077,0.8319286853993294,-0.02886626729874764,0.0014917067224054794,0,visual_hexagonal_field,0.9955123490161348,72.575,True,none,
z_offset_mm_-2.0,z_offset_mm,-2.0,False,0.9494866677713865,0.9494859222988109,0.9494862949969127,0.5223437091326746,0.5644584016670706,0.9497280655422174,0.0,0.9494978967579102,0.0,0.05050210324208981,60.0,0.9930576985938014,0.9930577175449107,0.9977908316676191,0.9987874219982806,0.860794952698077,0.8319286853993294,-0.02886626729874764,0.0014917067224054794,0,visual_hexagonal_field,0.9955123490161348,72.575,True,none,
z_offset_mm_0.0,z_offset_mm,0.0,False,0.9494866677713865,0.9494859222988109,0.9494862949969127,0.5223437091326746,0.5644584016670706,0.9497280655422174,0.0,0.9494978967579102,0.0,0.05050210324208981,60.0,0.9930576985938014,0.9930577175449107,0.9977908316676191,0.9987874219982806,0.860794952698077,0.8319286853993294,-0.02886626729874764,0.0014917067224054794,0,visual_hexagonal_field,0.9955123490161348,72.575,True,none,
z_offset_mm_2.0,z_offset_mm,2.0,False,0.9494866677713865,0.9494859222988109,0.9494862949969127,0.5223437091326746,0.5644584016670706,0.9497280655422174,0.0,0.9494978967579102,0.0,0.05050210324208981,60.0,0.9930576985938014,0.9930577175449107,0.9977908316676191,0.9987874219982806,0.860794952698077,0.8319286853993294,-0.02886626729874764,0.0014917067224054794,0,visual_hexagonal_field,0.9955123490161348,72.575,True,none,
z_offset_mm_5.0,z_offset_mm,5.0,False,0.9494866677713865,0.9494859222988109,0.9494862949969127,0.5223437091326746,0.5644584016670706,0.9497280655422174,0.0,0.9494978967579102,0.0,0.05050210324208981,60.0,0.9930576985938014,0.9930577175449107,0.9977908316676191,0.9987874219982806,0.860794952698077,0.8319286853993294,-0.02886626729874764,0.0014917067224054794,0,visual_hexagonal_field,0.9955123490161348,72.575,True,none,
z_offset_mm_10.0,z_offset_mm,10.0,False,0.9494866677713865,0.9494859222988109,0.9494862949969127,0.5223437091326746,0.5644584016670706,0.9497280655422174,0.0,0.9494978967579102,0.0,0.05050210324208981,72.575,0.9955123490161348,0.9955124050164319,0.9977908316676191,0.9994182095633521,0.8583742088040859,0.8301145434553107,-0.02825966534877522,0.0011205294385216078,0,visual_hexagonal_field,0.9955123490161348,72.575,True,none,
z_offset_mm_20.0,z_offset_mm,20.0,False,0.9494866677713865,0.9494859222988109,0.9494862949969127,0.5223437091326746,0.5644584016670706,0.9497280655422174,0.0,0.9494978967579102,0.0,0.05050210324208981,72.575,0.9955123490161348,0.9955124050164319,0.9977908316676191,0.9994182095633521,0.8583742088040859,0.8301145434553107,-0.02825966534877522,0.0011205294385216078,0,visual_hexagonal_field,0.9955123490161348,72.575,True,none,
