run_id,generated_at_utc,source_schema_version,preset,path,case_id,target_scale_definition,target_core_diameter_um,target_equivalent_l0_core_diameter_um,equivalent_l0_first_zero_radius_um,equivalent_l0_first_zero_diameter_um,vortex_main_ring_radius_um,vortex_main_ring_diameter_um,core_radius_definition,core_hwhm_radius_um,core_hwhm_diameter_um,core_first_zero_radius_um,core_first_zero_diameter_um,feature_radius_um,feature_diameter_um,canonical_zone_um,canonical_zone_start_um,canonical_zone_end_um,strict_bessel_region_um,strict_bessel_region_start_um,strict_bessel_region_end_um,bessel_region_definition,propagation_power_drift_fraction,propagation_power_label,qa_status,ell,target_bessel_length_um,gamma_slm_deg,magnification_to_sample,objective_map_source,waist_matched_design_magnification_to_sample,kr_sample_m_inv,study_kind,focused_plane,beam_medium_n,ring_radius_um,ring_diameter_um,core_radius_um,ring_width_um,peak_in_plane,peak_onaxis,onaxis_to_peak_ratio,pulse_energy_at_sample_uJ,pulse_energy_at_surface_air_uJ,fluence_pulse_energy_uJ,first_order_selected_fraction,first_order_carrier_lpmm,first_order_configured_filter_radius_lpmm,first_order_effective_filter_radius_lpmm,first_order_recommended_filter_radius_lpmm,first_order_axicon_cone_radius_lpmm,first_order_peak_fx_lpmm,first_order_peak_fy_lpmm,first_order_peak_distance_to_carrier_lpmm,first_order_geometry_valid,propagation_method,output_dx_at_peak_um,output_dx_min_um,output_dx_max_um,sas_retained_power_fraction_min,sas_retained_power_fraction_at_peak,sas_z_limit_min_um,sas_z_over_limit_max,sas_output_magnification_at_peak,sas_bandlimit_retained_fraction_min,bessel_zone_um,zone_start_um,zone_end_um,zone_capped,bessel_region_um,bessel_region_start_um,bessel_region_end_um,bessel_region_capped,feature_power_zone_um,feature_power_zone_start_um,feature_power_zone_end_um,feature_power_zone_capped,radius_stability_zone_um,radius_stability_zone_start_um,radius_stability_zone_end_um,radius_stability_zone_capped,bessel_region_peak_level,bessel_region_power_level,bessel_region_radius_tolerance,ring_or_core_power_fraction_min_in_region,ring_or_core_radius_drift_fraction_max_in_region,ring_or_core_radius_drift_fraction_at_peak,strict_bessel_region_capped,canonical_zone_capped,canonical_zone_definition,peak_fluence_J_cm2,core_or_ring_peak_fluence_J_cm2,side_lobe_peak_fluence_J_cm2,side_to_core_peak_ratio,plane_fluence_integral_J,effective_pulses,incubated_threshold_J_cm2,line_proxy_threshold_length_um,line_proxy_threshold_width_um,line_proxy_threshold_area_um2,study,material,write_depth_um,surface_z_um,surface_placement,NA,phase_bits,fill_factor,blaze_period_px,beam_radius_on_slm_mm,hardware_reachable,device_grid_label,device_downsample,pupil_N,pupil_dx_um,pupil_window_mm,phase_frequency_lpmm,pupil_nyquist_lpmm,phase_sampling_label,focal_dx_um,focal_kt_nyquist_over_kr,focal_samples_per_radial_period,focal_sampling_label,axial_dz_um,axial_scan_end_um,axial_scan_target_factor,axial_sampling_label,k_medium_m_inv,propagation_power_clipping_note,sas_retained_power_fraction_mean,validity_valid,validity_violations,validity_samples_per_feature,validity_samples_per_radial_period,validity_samples_per_axial_zone,validity_output_dx_um,validity_action,regime,knob,knob_value,clears_incubated_threshold
20260603T200130Z,2026-06-03T20:21:56.533786+00:00,2.0.0,publication,ideal,D1.0_L50.0,equivalent_l0_first_zero_diameter,1.0,1.0,0.5,1.0,0.8734280543057232,1.7468561086114465,legacy_vortex_inner_hwhm_radius,,,0.49996373340868455,0.9999274668173691,0.9035433070866142,1.8070866141732285,25.50518143269812,4.652243777648544,30.157425210346663,20.0,5.264491822505136,25.264491822505136,strict_intersection_peak_power_radius,3.9494685727662975,fail,marginal,3,50.0,1.7771107929417682,0.008071063517253126,objective_f_eff_over_effective_relay_f,0.019693394982097625,4810000.0,beam_to_surface,surface_in_air,1.0,0.9035433070866142,1.8070866141732285,0.4982754237967618,0.7357678171227544,65.08092660142738,0.013902118066810612,0.00021361278630758934,2.7337500000000006,2.7337500000000006,2.7337500000000006,1.0,,,,,,,,,True,bl_asm,0.2,0.2,0.2,1.0,1.0,,,,,25.50518143269812,4.652243777648544,30.157425210346663,False,20.0,5.264491822505136,25.264491822505136,False,20.0,5.264491822505136,25.264491822505136,False,60.0,5.264491822505136,65.26449182250514,False,0.5,0.5,0.15,0.5467416752040022,0.0,0.0,False,False,axial_peak_fwhm,7.566451103029222,7.566451103029222,3.3807325021362993,0.4468055705511433,2.7337500000000003e-06,,,0.0,0.0,0.0,tradeoff_core_length,air,,18.59782515583851,zone_center,0.45,8,0.93,20,2.0,True,downsampled,2,1024,16.0,16.384,21.325988568354052,31.25,pass,0.25122070312500006,2.5998564516957887,5.199712903391578,pass,6.666666666666655,600.0,2.6,marginal,6106108.170242552,"Total propagated-power drift; pass<=0.05, marginal<=0.20, fail>0.20. SAS clipping is reported separately by sas_retained_power_fraction_*.",1.0,True,,5.0,6.531377658190839,7.50000000000002,0.2,pass,general,core_um_x_length_um,"1.0,50.0",False
20260603T200130Z,2026-06-03T20:21:56.533786+00:00,2.0.0,publication,ideal,D1.0_L100.0,equivalent_l0_first_zero_diameter,1.0,1.0,0.5,1.0,0.8734280543057232,1.7468561086114465,legacy_vortex_inner_hwhm_radius,,,0.49996373340868455,0.9999274668173691,0.9035433070866142,1.8070866141732285,47.785087732062486,9.952937962484013,57.7380256945465,40.0,14.624184303511175,54.62418430351117,strict_intersection_peak_power_radius,3.8963209013812583,fail,fail,3,100.0,3.550808920229982,0.008071063517253126,objective_f_eff_over_effective_relay_f,0.03938678996419525,4810000.0,beam_to_surface,surface_in_air,1.0,0.9035433070866142,1.8070866141732285,0.49876575957696856,0.7356161291859449,135.3525720268247,2.1347946677029865,0.015772102707290295,2.7337500000000006,2.7337500000000006,2.7337500000000006,1.0,,,,,,,,,True,bl_asm,0.2,0.2,0.2,1.0,1.0,,,,,47.785087732062486,9.952937962484013,57.7380256945465,False,40.0,14.624184303511175,54.62418430351117,False,40.0,14.624184303511175,54.62418430351117,False,66.66666666666664,-5.375815696488824,61.29085097017782,False,0.5,0.5,0.15,0.6034103809743582,0.0,0.0,False,False,axial_peak_fwhm,5.295452497832894,5.295452497832894,2.3581875206935377,0.4453231374766557,2.7337500000000003e-06,,,0.0,0.0,0.0,tradeoff_core_length,air,,34.62418430351116,zone_center,0.45,8,0.93,20,2.0,True,downsampled,2,1024,16.0,16.384,36.401977136708105,31.25,fail,0.25122070312500006,2.5998564516957887,5.199712903391578,pass,6.666666666666655,600.0,2.6,marginal,6106108.170242552,"Total propagated-power drift; pass<=0.05, marginal<=0.20, fail>0.20. SAS clipping is reported separately by sas_retained_power_fraction_*.",1.0,True,,5.0,6.531377658190839,15.00000000000004,0.2,pass,general,core_um_x_length_um,"1.0,100.0",False
20260603T200130Z,2026-06-03T20:21:56.533786+00:00,2.0.0,publication,ideal,D1.0_L150.0,equivalent_l0_first_zero_diameter,1.0,1.0,0.5,1.0,0.8734280543057232,1.7468561086114465,legacy_vortex_inner_hwhm_radius,,,0.49996373340868455,0.9999274668173691,0.9035433070866142,1.8070866141732285,47.28493119966363,16.283432901886517,63.56836410155015,40.0,16.6331771308239,56.633177130823896,strict_intersection_peak_power_radius,3.8330919027090804,fail,fail,3,150.0,5.317720874321809,0.008071063517253126,objective_f_eff_over_effective_relay_f,0.05908018494629288,4810000.0,beam_to_surface,surface_in_air,1.0,0.9035433070866142,1.8070866141732285,0.49560273497886637,0.7384598246370981,223.41461862729312,7.288485431765514,0.032623135748893764,2.7337500000000006,2.7337500000000006,2.7337500000000006,1.0,,,,,,,,,True,bl_asm,0.2,0.2,0.2,1.0,1.0,,,,,47.28493119966363,16.283432901886517,63.56836410155015,False,40.0,16.6331771308239,56.633177130823896,False,40.0,16.6331771308239,56.633177130823896,False,60.0,3.299843797490603,63.2998437974906,False,0.5,0.5,0.15,0.5251087583097984,0.0,0.0,False,False,axial_peak_fwhm,5.862383200699032,5.862383200699032,2.6329406478667368,0.44912462350683324,2.73375e-06,,,0.0,0.0,0.0,tradeoff_core_length,air,,43.29984379749058,zone_center,0.45,8,0.93,20,2.0,True,downsampled,2,1024,16.0,16.384,51.477965705062154,31.25,fail,0.25122070312500006,2.5998564516957887,5.199712903391578,pass,6.666666666666655,600.0,2.6,pass,6106108.170242552,"Total propagated-power drift; pass<=0.05, marginal<=0.20, fail>0.20. SAS clipping is reported separately by sas_retained_power_fraction_*.",1.0,True,,5.0,6.531377658190839,22.50000000000006,0.2,pass,general,core_um_x_length_um,"1.0,150.0",False
20260603T200130Z,2026-06-03T20:21:56.533786+00:00,2.0.0,publication,ideal,D1.0_L300.0,equivalent_l0_first_zero_diameter,1.0,1.0,0.5,1.0,0.8734280543057232,1.7468561086114465,legacy_vortex_inner_hwhm_radius,,,0.49996373340868455,0.9999274668173691,0.9035433070866142,1.8070866141732285,43.49893259631287,22.843330163087305,66.34226275940017,33.33333333333335,23.764535712887312,57.09786904622066,strict_intersection_peak_power_radius,4.730039144272235,fail,fail,3,300.0,10.545374703671616,0.008071063517253126,objective_f_eff_over_effective_relay_f,0.11816036989258576,4810000.0,beam_to_surface,surface_in_air,1.0,0.9035433070866142,1.8070866141732285,0.49676260002123185,0.7385636000358485,325.14560318152263,16.570250018874486,0.05096255295085023,2.7337500000000006,2.7337500000000006,2.7337500000000006,1.0,,,,,,,,,True,bl_asm,0.2,0.2,0.2,1.0,1.0,,,,,43.49893259631287,22.843330163087305,66.34226275940017,False,33.33333333333335,23.764535712887312,57.09786904622066,False,33.33333333333335,23.764535712887312,57.09786904622066,False,58.333333333333364,7.097869046220637,65.431202379554,False,0.5,0.5,0.15,0.5249628214927518,0.0,0.0,False,False,axial_peak_fwhm,5.448086233736382,5.448086233736382,2.7192632958848733,0.4991226605493651,2.7337500000000003e-06,,,0.0,0.0,0.0,tradeoff_core_length,air,,57.097869046220644,zone_center,0.45,8,0.93,20,2.0,True,downsampled,2,1024,16.0,16.384,96.70593141012431,31.25,fail,0.25122070312500006,2.5998564516957887,5.199712903391578,pass,8.66666666666667,780.0,2.6,pass,6106108.170242552,"Total propagated-power drift; pass<=0.05, marginal<=0.20, fail>0.20. SAS clipping is reported separately by sas_retained_power_fraction_*.",1.0,True,,5.0,6.531377658190839,35.99999999999998,0.2,pass,general,core_um_x_length_um,"1.0,300.0",False
20260603T200130Z,2026-06-03T20:21:56.533786+00:00,2.0.0,publication,ideal,D1.0_L500.0,equivalent_l0_first_zero_diameter,1.0,1.0,0.5,1.0,0.8734280543057232,1.7468561086114465,legacy_vortex_inner_hwhm_radius,,,0.49996373340868455,0.9999274668173691,0.9035433070866142,1.8070866141732285,37.05516116299259,27.902164460734202,64.95732562372679,13.888888888888914,39.47238824728863,53.36127713617754,strict_intersection_peak_power_radius,7.814013563707468,fail,fail,3,500.00000000000006,17.237226959853746,0.008071063517253126,objective_f_eff_over_effective_relay_f,0.19693394982097628,4810000.0,beam_to_surface,surface_in_air,1.0,0.9035433070866142,1.8070866141732285,0.4947455963920917,0.7384100827513557,402.97890343112516,21.49300586619607,0.05333531279974196,2.7337500000000006,2.7337500000000006,2.7337500000000006,1.0,,,,,,,,,True,bl_asm,0.2,0.2,0.2,1.0,1.0,,,,,37.05516116299259,27.902164460734202,64.95732562372679,False,13.888888888888914,39.47238824728863,53.36127713617754,False,13.888888888888914,39.47238824728863,53.36127713617754,False,41.666666666666636,11.694610469510907,53.36127713617754,False,0.5,0.5,0.15,0.7257695389188171,0.0,0.0,False,False,axial_peak_fwhm,6.494471954207601,6.494471954207601,3.3537512519202397,0.5164009138183175,2.7337500000000007e-06,,,0.0,0.0,0.0,tradeoff_core_length,air,,-85.52761175271137,zone_center,0.45,8,0.93,20,2.0,False,downsampled,2,1024,16.0,16.384,157.00988568354055,31.25,fail,0.25122070312500006,2.5998564516957887,5.199712903391578,pass,14.444444444444423,1300.0000000000002,2.6,pass,6106108.170242552,"Total propagated-power drift; pass<=0.05, marginal<=0.20, fail>0.20. SAS clipping is reported separately by sas_retained_power_fraction_*.",1.0,True,,5.0,6.531377658190839,35.999999999999936,0.2,pass,general,core_um_x_length_um,"1.0,500.0",False
20260603T200130Z,2026-06-03T20:21:56.533786+00:00,2.0.0,publication,ideal,D1.0_L800.0,equivalent_l0_first_zero_diameter,1.0,1.0,0.5,1.0,0.8734280543057232,1.7468561086114465,legacy_vortex_inner_hwhm_radius,,,0.49996373340868455,0.9999274668173691,0.9035433070866142,1.8070866141732285,46.69320271118456,21.994992194585326,68.68819490576989,22.22222222222209,22.710817545298394,44.933039767520484,strict_intersection_peak_power_radius,12.649476304729966,fail,fail,3,800.0,26.400820097231655,0.008071063517253126,objective_f_eff_over_effective_relay_f,0.315094319713562,4810000.0,beam_to_surface,surface_in_air,1.0,0.9035433070866142,1.8070866141732285,0.5006364816977613,0.7348718223322082,322.0163360483314,22.657312984231268,0.07036075642085013,2.7337500000000006,2.7337500000000006,2.7337500000000006,1.0,,,,,,,,,True,bl_asm,0.2,0.2,0.2,1.0,1.0,,,,,46.69320271118456,21.994992194585326,68.68819490576989,False,22.22222222222209,22.710817545298394,44.933039767520484,False,22.22222222222209,22.710817545298394,44.933039767520484,False,22.22222222222209,22.710817545298394,44.933039767520484,False,0.5,0.5,0.15,0.5291343806354639,0.0,0.0,False,False,axial_peak_fwhm,4.671934409158284,4.671934409158284,2.1020745208371494,0.44993665080496453,2.7337500000000003e-06,,,0.0,0.0,0.0,tradeoff_core_length,air,,0.4885953230760593,zone_center,0.45,8,0.93,20,2.0,False,downsampled,2,1024,16.0,16.384,247.4658170936648,31.25,fail,0.25122070312500006,2.5998564516957887,5.199712903391578,pass,23.11111111111112,2080.0,2.6,pass,6106108.170242552,"Total propagated-power drift; pass<=0.05, marginal<=0.20, fail>0.20. SAS clipping is reported separately by sas_retained_power_fraction_*.",1.0,True,,5.0,6.531377658190839,36.000000000000036,0.2,pass,general,core_um_x_length_um,"1.0,800.0",False
20260603T200130Z,2026-06-03T20:21:56.533786+00:00,2.0.0,publication,ideal,D2.0_L50.0,equivalent_l0_first_zero_diameter,2.0,2.0,1.0,2.0,1.7468561086114465,3.493712217222893,legacy_vortex_inner_hwhm_radius,,,0.9999274668173691,1.9998549336347382,1.7066929133858268,3.4133858267716537,37.616767923626384,7.1801179328370255,44.79688585646341,26.666666666666647,13.279727698076215,39.946394364742865,strict_intersection_peak_power_radius,1.5103750751112937,fail,marginal,3,50.0,0.44441130847920957,0.008071063517253126,objective_f_eff_over_effective_relay_f,0.009846697491048812,2405000.0,beam_to_surface,surface_in_air,1.0,1.7066929133858268,3.4133858267716537,1.1668900712066013,1.0429300093896414,16.13714930646369,0.00148531218620199,9.204303424317034e-05,2.7337500000000006,2.7337500000000006,2.7337500000000006,1.0,,,,,,,,,True,bl_asm,0.2,0.2,0.2,1.0,1.0,,,,,37.616767923626384,7.1801179328370255,44.79688585646341,False,26.666666666666647,13.279727698076215,39.946394364742865,False,26.666666666666647,13.279727698076215,39.946394364742865,False,120.0,-0.0536056352571355,119.94639436474286,False,0.5,0.5,0.15,0.6564917324981739,0.0,0.0,False,False,axial_peak_fwhm,7.267905824609473,7.267905824609473,2.953905311395542,0.40643142367000396,2.7337500000000003e-06,,,0.0,0.0,0.0,tradeoff_core_length,air,,26.61306103140956,zone_center,0.45,8,0.93,20,2.0,True,downsampled,2,1024,16.0,16.384,10.018997142088514,31.25,pass,0.25122070312500006,5.199712903391577,10.399425806783157,pass,6.666666666666655,600.0,2.6,marginal,6106108.170242552,"Total propagated-power drift; pass<=0.05, marginal<=0.20, fail>0.20. SAS clipping is reported separately by sas_retained_power_fraction_*.",1.0,True,,10.0,13.062755316381677,7.50000000000002,0.2,pass,general,core_um_x_length_um,"2.0,50.0",False
20260603T200130Z,2026-06-03T20:21:56.533786+00:00,2.0.0,publication,ideal,D2.0_L100.0,equivalent_l0_first_zero_diameter,2.0,2.0,1.0,2.0,1.7468561086114465,3.493712217222893,legacy_vortex_inner_hwhm_radius,,,0.9999274668173691,1.9998549336347382,1.7066929133858268,3.4133858267716537,73.59987705000223,14.92261907428971,88.52249612429193,66.66666666666664,18.83686852507943,85.50353519174608,strict_intersection_peak_power_radius,1.4923485874026454,fail,marginal,3,100.0,0.888769149716337,0.008071063517253126,objective_f_eff_over_effective_relay_f,0.019693394982097625,2405000.0,beam_to_surface,surface_in_air,1.0,1.7066929133858268,3.4133858267716537,1.1800007355092388,1.0484600996732014,33.75387772218695,0.0069922452932227415,0.00020715383727975734,2.7337500000000006,2.7337500000000006,2.7337500000000006,1.0,,,,,,,,,True,bl_asm,0.2,0.2,0.2,1.0,1.0,,,,,73.59987705000223,14.92261907428971,88.52249612429193,False,66.66666666666664,18.83686852507943,85.50353519174608,False,66.66666666666664,18.83686852507943,85.50353519174608,False,173.33333333333334,5.503535191746082,178.83686852507944,False,0.5,0.5,0.15,0.5466230246241807,0.0,0.0,False,False,axial_peak_fwhm,4.008078390687846,4.008078390687846,1.763612866569804,0.4400145642528568,2.7337500000000003e-06,,,0.0,0.0,0.0,tradeoff_core_length,air,,52.17020185841276,zone_center,0.45,8,0.93,20,2.0,True,downsampled,2,1024,16.0,16.384,13.787994284177026,31.25,pass,0.25122070312500006,5.199712903391577,10.399425806783157,pass,6.666666666666655,600.0,2.6,marginal,6106108.170242552,"Total propagated-power drift; pass<=0.05, marginal<=0.20, fail>0.20. SAS clipping is reported separately by sas_retained_power_fraction_*.",1.0,True,,10.0,13.062755316381677,15.00000000000004,0.2,pass,general,core_um_x_length_um,"2.0,100.0",False
20260603T200130Z,2026-06-03T20:21:56.533786+00:00,2.0.0,publication,ideal,D2.0_L150.0,equivalent_l0_first_zero_diameter,2.0,2.0,1.0,2.0,1.7468561086114465,3.493712217222893,legacy_vortex_inner_hwhm_radius,,,0.9999274668173691,1.9998549336347382,1.7066929133858268,3.4133858267716537,111.04385021402429,22.232803010257715,133.276653224282,106.66666666666664,25.323571589382055,131.9902382560487,strict_intersection_peak_power_radius,1.499786962755408,fail,marginal,3,150.0,1.3330200950551903,0.008071063517253126,objective_f_eff_over_effective_relay_f,0.02954009247314644,2405000.0,beam_to_surface,surface_in_air,1.0,1.7066929133858268,3.4133858267716537,1.1825315684130047,1.0485741950078182,50.97739495744272,0.10094668688154387,0.0019802245086438185,2.7337500000000006,2.7337500000000006,2.7337500000000006,1.0,,,,,,,,,True,bl_asm,0.2,0.2,0.2,1.0,1.0,,,,,111.04385021402429,22.232803010257715,133.276653224282,False,106.66666666666664,25.323571589382055,131.9902382560487,False,106.66666666666664,25.323571589382055,131.9902382560487,False,193.33333333333334,5.323571589382057,198.6569049227154,False,0.5,0.5,0.15,0.5078614236137435,0.0,0.0,False,False,axial_peak_fwhm,2.9731128827983295,2.9731128827983295,1.3225309763683593,0.4448303944395065,2.7337500000000003e-06,,,0.0,0.0,0.0,tradeoff_core_length,air,,78.6569049227154,zone_center,0.45,8,0.93,20,2.0,True,downsampled,2,1024,16.0,16.384,17.55699142626554,31.25,pass,0.25122070312500006,5.199712903391577,10.399425806783157,pass,6.666666666666655,600.0,2.6,pass,6106108.170242552,"Total propagated-power drift; pass<=0.05, marginal<=0.20, fail>0.20. SAS clipping is reported separately by sas_retained_power_fraction_*.",1.0,True,,10.0,13.062755316381677,22.50000000000006,0.2,pass,general,core_um_x_length_um,"2.0,150.0",False
20260603T200130Z,2026-06-03T20:21:56.533786+00:00,2.0.0,publication,ideal,D2.0_L300.0,equivalent_l0_first_zero_diameter,2.0,2.0,1.0,2.0,1.7468561086114465,3.493712217222893,legacy_vortex_inner_hwhm_radius,,,0.9999274668173691,1.9998549336347382,1.7066929133858268,3.4133858267716537,139.92386451242703,48.93636813240042,188.86023264482745,125.00000000000001,54.84889067608294,179.84889067608296,strict_intersection_peak_power_radius,1.8312160257667038,fail,marginal,3,300.0,2.664598655709351,0.008071063517253126,objective_f_eff_over_effective_relay_f,0.05908018494629288,2405000.0,beam_to_surface,surface_in_air,1.0,1.7066929133858268,3.4133858267716537,1.1764821107313637,1.0467260065450144,111.84232703554243,1.2231532965244698,0.010936407788938113,2.7337500000000006,2.7337500000000006,2.7337500000000006,1.0,,,,,,,,,True,bl_asm,0.2,0.2,0.2,1.0,1.0,,,,,139.92386451242703,48.93636813240042,188.86023264482745,False,125.00000000000001,54.84889067608294,179.84889067608296,False,133.33333333333334,46.5155573427496,179.84889067608296,False,191.6666666666667,4.848890676082915,196.51555734274962,False,0.5,0.5,0.15,0.5635401003978466,0.0,0.0,False,False,axial_peak_fwhm,3.0670070433541436,3.0670070433541436,1.4366017789782424,0.4684051124340244,2.7337500000000003e-06,,,0.0,0.0,0.0,tradeoff_core_length,air,,121.51555734274955,zone_center,0.45,8,0.93,20,2.0,True,downsampled,2,1024,16.0,16.384,28.863982852531077,31.25,marginal,0.25122070312500006,5.199712903391577,10.399425806783157,pass,8.66666666666667,780.0,2.6,pass,6106108.170242552,"Total propagated-power drift; pass<=0.05, marginal<=0.20, fail>0.20. SAS clipping is reported separately by sas_retained_power_fraction_*.",1.0,True,,10.0,13.062755316381677,35.99999999999998,0.2,pass,general,core_um_x_length_um,"2.0,300.0",False
20260603T200130Z,2026-06-03T20:21:56.533786+00:00,2.0.0,publication,ideal,D2.0_L500.0,equivalent_l0_first_zero_diameter,2.0,2.0,1.0,2.0,1.7468561086114465,3.493712217222893,legacy_vortex_inner_hwhm_radius,,,0.9999274668173691,1.9998549336347382,1.7066929133858268,3.4133858267716537,122.2931487674418,70.25477373254363,192.54792249998542,97.22222222222229,81.0728513280178,178.2950735502401,strict_intersection_peak_power_radius,3.0099502842037267,fail,fail,3,500.00000000000006,4.4353214309250255,0.008071063517253126,objective_f_eff_over_effective_relay_f,0.09846697491048814,2405000.0,beam_to_surface,surface_in_air,1.0,1.7066929133858268,3.4133858267716537,1.1778996923244818,1.0478055720151314,165.32262403392613,2.2871117650207666,0.013834233386904291,2.7337500000000006,2.7337500000000006,2.7337500000000006,1.0,,,,,,,,,True,bl_asm,0.2,0.2,0.2,1.0,1.0,,,,,122.2931487674418,70.25477373254363,192.54792249998542,False,97.22222222222229,81.0728513280178,178.2950735502401,False,111.1111111111112,67.18396243912889,178.2950735502401,False,180.55555555555554,11.628406883573348,192.1839624391289,False,0.5,0.5,0.15,0.592075701154452,0.0,0.0,False,False,axial_peak_fwhm,3.032700416376476,3.032700416376476,1.3353903928141622,0.4403304677254307,2.7337500000000003e-06,,,0.0,0.0,0.0,tradeoff_core_length,air,,136.62840688357335,zone_center,0.45,8,0.93,20,2.0,False,downsampled,2,1024,16.0,16.384,43.939971420885136,31.25,fail,0.25122070312500006,5.199712903391577,10.399425806783157,pass,14.444444444444423,1300.0000000000002,2.6,pass,6106108.170242552,"Total propagated-power drift; pass<=0.05, marginal<=0.20, fail>0.20. SAS clipping is reported separately by sas_retained_power_fraction_*.",1.0,True,,10.0,13.062755316381677,35.999999999999936,0.2,pass,general,core_um_x_length_um,"2.0,500.0",False
20260603T200130Z,2026-06-03T20:21:56.533786+00:00,2.0.0,publication,ideal,D2.0_L800.0,equivalent_l0_first_zero_diameter,2.0,2.0,1.0,2.0,1.7468561086114465,3.493712217222893,legacy_vortex_inner_hwhm_radius,,,0.9999274668173691,1.9998549336347382,1.7066929133858268,3.4133858267716537,113.56228290994355,80.18905949674088,193.75134240668444,88.888888888889,85.50026390250193,174.38915279139093,strict_intersection_peak_power_radius,4.7913941963940765,fail,fail,3,800.0,7.074550347369427,0.008071063517253126,objective_f_eff_over_effective_relay_f,0.157547159856781,2405000.0,beam_to_surface,surface_in_air,1.0,1.7066929133858268,3.4133858267716537,1.177119481097973,1.047046981176262,193.23240714762798,2.8653583860362772,0.01482856022099423,2.7337500000000006,2.7337500000000006,2.7337500000000006,1.0,,,,,,,,,True,bl_asm,0.2,0.2,0.2,1.0,1.0,,,,,113.56228290994355,80.18905949674088,193.75134240668444,False,88.888888888889,85.50026390250193,174.38915279139093,False,88.888888888889,85.50026390250193,174.38915279139093,False,177.7777777777777,18.83359723583533,196.611375013613,False,0.5,0.5,0.15,0.5560929953142705,0.0,0.0,False,False,axial_peak_fwhm,3.118763213672608,3.118763213672608,1.385039210630286,0.4440988673196786,2.7337500000000003e-06,,,0.0,0.0,0.0,tradeoff_core_length,air,,152.16693056916867,zone_center,0.45,8,0.93,20,2.0,False,downsampled,2,1024,16.0,16.384,66.55395427341621,31.25,fail,0.25122070312500006,5.199712903391577,10.399425806783157,pass,23.11111111111112,2080.0,2.6,pass,6106108.170242552,"Total propagated-power drift; pass<=0.05, marginal<=0.20, fail>0.20. SAS clipping is reported separately by sas_retained_power_fraction_*.",1.0,True,,10.0,13.062755316381677,36.000000000000036,0.2,pass,general,core_um_x_length_um,"2.0,800.0",False
20260603T200130Z,2026-06-03T20:21:56.533786+00:00,2.0.0,publication,ideal,D3.0_L50.0,equivalent_l0_first_zero_diameter,3.0,3.0,1.5,3.0,2.6202841629171694,5.240568325834339,legacy_vortex_inner_hwhm_radius,,,1.4998912002260536,2.999782400452107,2.5098425196850394,5.019685039370079,42.71485655151021,4.834869310102714,47.54972586161292,33.33333333333335,13.976988464944462,47.31032179827781,strict_intersection_peak_power_radius,0.766222232404411,fail,marginal,3,50.0,0.19751931574637122,0.008071063517253126,objective_f_eff_over_effective_relay_f,0.006564464994032542,1603333.3333333333,beam_to_surface,surface_in_air,1.0,2.5098425196850394,5.019685039370079,1.7406460948828355,1.465672855767888,6.466629115497098,0.001444394250991774,0.00022336123275267525,2.7337500000000006,2.7337500000000006,2.7337500000000006,1.0,,,,,,,,,True,bl_asm,0.2,0.2,0.2,1.0,1.0,,,,,42.71485655151021,4.834869310102714,47.54972586161292,False,33.33333333333335,13.976988464944462,47.31032179827781,False,33.33333333333335,13.976988464944462,47.31032179827781,False,73.33333333333334,13.976988464944462,87.31032179827781,False,0.5,0.5,0.15,0.5187314723767902,0.08000000000000015,0.0,False,False,axial_peak_fwhm,6.570172553607571,6.570172553607571,1.9934684431047605,0.3034118855843718,2.7337500000000003e-06,,,0.0,0.0,0.0,tradeoff_core_length,air,,27.310321798277812,zone_center,0.45,8,0.93,20,2.0,True,downsampled,2,1024,16.0,16.384,7.925109840928228,31.25,pass,0.25122070312500006,7.799569355087367,15.599138710174733,pass,6.666666666666655,600.0,2.6,marginal,6106108.170242552,"Total propagated-power drift; pass<=0.05, marginal<=0.20, fail>0.20. SAS clipping is reported separately by sas_retained_power_fraction_*.",1.0,True,,15.000000000000002,19.594132974572513,7.50000000000002,0.2,pass,general,core_um_x_length_um,"3.0,50.0",False
20260603T200130Z,2026-06-03T20:21:56.533786+00:00,2.0.0,publication,ideal,D3.0_L100.0,equivalent_l0_first_zero_diameter,3.0,3.0,1.5,3.0,2.6202841629171694,5.240568325834339,legacy_vortex_inner_hwhm_radius,,,1.4998912002260536,2.999782400452107,2.5098425196850394,5.019685039370079,78.37434819405458,14.925589551757202,93.29993774581176,66.66666666666664,21.165099130773704,87.83176579744035,strict_intersection_peak_power_radius,0.9090081276931229,fail,marginal,3,100.0,0.39503393684376026,0.008071063517253126,objective_f_eff_over_effective_relay_f,0.013128929988065084,1603333.3333333333,beam_to_surface,surface_in_air,1.0,2.5098425196850394,5.019685039370079,1.7902592446065635,1.494162001911989,14.546706546396026,0.0003353826092098644,2.3055569873509004e-05,2.7337500000000006,2.7337500000000006,2.7337500000000006,1.0,,,,,,,,,True,bl_asm,0.2,0.2,0.2,1.0,1.0,,,,,78.37434819405458,14.925589551757202,93.29993774581176,False,66.66666666666664,21.165099130773704,87.83176579744035,False,66.66666666666664,21.165099130773704,87.83176579744035,False,220.0,14.498432464107056,234.49843246410705,False,0.5,0.5,0.15,0.5853287660287138,0.0,0.0,False,False,axial_peak_fwhm,3.7140187431542175,3.7140187431542175,1.4917842555040501,0.40166309291081215,2.73375e-06,,,0.0,0.0,0.0,tradeoff_core_length,air,,54.498432464107026,zone_center,0.45,8,0.93,20,2.0,True,downsampled,2,1024,16.0,16.384,9.600219681856455,31.25,pass,0.25122070312500006,7.799569355087367,15.599138710174733,pass,6.666666666666655,600.0,2.6,marginal,6106108.170242552,"Total propagated-power drift; pass<=0.05, marginal<=0.20, fail>0.20. SAS clipping is reported separately by sas_retained_power_fraction_*.",1.0,True,,15.000000000000002,19.594132974572513,15.00000000000004,0.2,pass,general,core_um_x_length_um,"3.0,100.0",False
20260603T200130Z,2026-06-03T20:21:56.533786+00:00,2.0.0,publication,ideal,D3.0_L150.0,equivalent_l0_first_zero_diameter,3.0,3.0,1.5,3.0,2.6202841629171694,5.240568325834339,legacy_vortex_inner_hwhm_radius,,,1.4998912002260536,2.999782400452107,2.5098425196850394,5.019685039370079,116.35681166710425,23.280320816657174,139.63713248376143,106.66666666666664,28.52851528498449,135.19518195165114,strict_intersection_peak_power_radius,1.04549912365757,fail,marginal,3,150.0,0.5925391693126465,0.008071063517253126,objective_f_eff_over_effective_relay_f,0.019693394982097625,1603333.3333333333,beam_to_surface,surface_in_air,1.0,2.5098425196850394,5.019685039370079,1.8041707581587265,1.5044946357839921,22.269161613545528,0.0026737941197613226,0.00012006712089847828,2.7337500000000006,2.7337500000000006,2.7337500000000006,1.0,,,,,,,,,True,bl_asm,0.2,0.2,0.2,1.0,1.0,,,,,116.35681166710425,23.280320816657174,139.63713248376143,False,106.66666666666664,28.52851528498449,135.19518195165114,False,106.66666666666664,28.52851528498449,135.19518195165114,False,266.6666666666666,15.195181951651168,281.86184861831777,False,0.5,0.5,0.15,0.5449828114083398,0.0,0.0,False,False,axial_peak_fwhm,2.6356828550879867,2.6356828550879867,1.1320471208036484,0.4295080945032203,2.7337500000000003e-06,,,0.0,0.0,0.0,tradeoff_core_length,air,,81.86184861831784,zone_center,0.45,8,0.93,20,2.0,True,downsampled,2,1024,16.0,16.384,11.275329522784684,31.25,pass,0.25122070312500006,7.799569355087367,15.599138710174733,pass,6.666666666666655,600.0,2.6,pass,6106108.170242552,"Total propagated-power drift; pass<=0.05, marginal<=0.20, fail>0.20. SAS clipping is reported separately by sas_retained_power_fraction_*.",1.0,True,,15.000000000000002,19.594132974572513,22.50000000000006,0.2,pass,general,core_um_x_length_um,"3.0,150.0",False
20260603T200130Z,2026-06-03T20:21:56.533786+00:00,2.0.0,publication,ideal,D3.0_L300.0,equivalent_l0_first_zero_diameter,3.0,3.0,1.5,3.0,2.6202841629171694,5.240568325834339,legacy_vortex_inner_hwhm_radius,,,1.4998912002260536,2.999782400452107,2.5098425196850394,5.019685039370079,222.13315576556133,47.03698601109901,269.17014177666033,208.33333333333334,51.0720053283113,259.40533866164463,strict_intersection_peak_power_radius,1.407501127881165,fail,marginal,3,300.0,1.184951619245102,0.008071063517253126,objective_f_eff_over_effective_relay_f,0.03938678996419525,1603333.3333333333,beam_to_surface,surface_in_air,1.0,2.5098425196850394,5.019685039370079,1.8057778011675139,1.5130137582980911,45.90365849520799,0.12481965323029622,0.0027191656901012907,2.7337500000000006,2.7337500000000006,2.7337500000000006,1.0,,,,,,,,,True,bl_asm,0.2,0.2,0.2,1.0,1.0,,,,,222.13315576556133,47.03698601109901,269.17014177666033,False,208.33333333333334,51.0720053283113,259.40533866164463,False,208.33333333333334,51.0720053283113,259.40533866164463,False,283.33333333333337,9.405338661644636,292.73867199497795,False,0.5,0.5,0.15,0.5420374949969061,0.07999999999999981,0.0,False,False,axial_peak_fwhm,1.7443255859292366,1.7443255859292366,0.7722138854484497,0.4427005437961722,2.7337500000000003e-06,,,0.0,0.0,0.0,tradeoff_core_length,air,,159.40533866164463,zone_center,0.45,8,0.93,20,2.0,True,downsampled,2,1024,16.0,16.384,16.30065904556937,31.25,pass,0.25122070312500006,7.799569355087367,15.599138710174733,pass,8.66666666666667,780.0,2.6,pass,6106108.170242552,"Total propagated-power drift; pass<=0.05, marginal<=0.20, fail>0.20. SAS clipping is reported separately by sas_retained_power_fraction_*.",1.0,True,,15.000000000000002,19.594132974572513,35.99999999999998,0.2,pass,general,core_um_x_length_um,"3.0,300.0",False
20260603T200130Z,2026-06-03T20:21:56.533786+00:00,2.0.0,publication,ideal,D3.0_L500.0,equivalent_l0_first_zero_diameter,3.0,3.0,1.5,3.0,2.6202841629171694,5.240568325834339,legacy_vortex_inner_hwhm_radius,,,1.4998912002260536,2.999782400452107,2.5098425196850394,5.019685039370079,210.73814385445417,85.50398173686428,296.2421255913184,194.44444444444446,87.28073257311921,281.7251770175637,strict_intersection_peak_power_radius,1.9552065922129553,fail,marginal,3,500.00000000000006,1.9744190701859103,0.008071063517253126,objective_f_eff_over_effective_relay_f,0.06564464994032541,1603333.3333333333,beam_to_surface,surface_in_air,1.0,2.5098425196850394,5.019685039370079,1.7994237300062523,1.500292532765421,83.50277574552189,0.4257313695694789,0.005098409792590759,2.7337500000000006,2.7337500000000006,2.7337500000000006,1.0,,,,,,,,,True,bl_asm,0.2,0.2,0.2,1.0,1.0,,,,,210.73814385445417,85.50398173686428,296.2421255913184,False,194.44444444444446,87.28073257311921,281.7251770175637,False,194.44444444444446,87.28073257311921,281.7251770175637,False,277.7777777777778,17.836288128674752,295.6140659064526,False,0.5,0.5,0.15,0.5268757280263318,0.07999999999999999,0.0,False,False,axial_peak_fwhm,2.0399052867493577,2.0399052867493577,0.9945584703052942,0.48755129797724533,2.7337500000000003e-06,,,0.0,0.0,0.0,tradeoff_core_length,air,,198.3918436842303,zone_center,0.45,8,0.93,20,2.0,False,downsampled,2,1024,16.0,16.384,23.001098409282278,31.25,pass,0.25122070312500006,7.799569355087367,15.599138710174733,pass,14.444444444444423,1300.0000000000002,2.6,pass,6106108.170242552,"Total propagated-power drift; pass<=0.05, marginal<=0.20, fail>0.20. SAS clipping is reported separately by sas_retained_power_fraction_*.",1.0,True,,15.000000000000002,19.594132974572513,35.999999999999936,0.2,pass,general,core_um_x_length_um,"3.0,500.0",False
20260603T200130Z,2026-06-03T20:21:56.533786+00:00,2.0.0,publication,ideal,D3.0_L800.0,equivalent_l0_first_zero_diameter,3.0,3.0,1.5,3.0,2.6202841629171694,5.240568325834339,legacy_vortex_inner_hwhm_radius,,,1.4998912002260536,2.999782400452107,2.5098425196850394,5.019685039370079,188.87102216807142,114.43629337708079,303.3073155451522,155.5555555555556,120.43682382807165,275.9923793836272,strict_intersection_peak_power_radius,3.1009571884656797,fail,fail,3,800.0,3.157122414581327,0.008071063517253126,objective_f_eff_over_effective_relay_f,0.10503143990452067,1603333.3333333333,beam_to_surface,surface_in_air,1.0,2.5098425196850394,5.019685039370079,1.8013802964758452,1.5009706087253694,113.03986475215412,0.6720012951368283,0.005944816871554355,2.7337500000000006,2.7337500000000006,2.7337500000000006,1.0,,,,,,,,,True,bl_asm,0.2,0.2,0.2,1.0,1.0,,,,,188.87102216807142,114.43629337708079,303.3073155451522,False,155.5555555555556,120.43682382807165,275.9923793836272,False,155.5555555555556,120.43682382807165,275.9923793836272,False,288.88888888888897,9.32571271696056,298.21460160584957,False,0.5,0.5,0.15,0.5513490845365477,0.07999999999999981,0.0,False,False,axial_peak_fwhm,2.0095277125725355,2.0095277125725355,0.8919129618991605,0.4438420810616048,2.7337500000000003e-06,,,0.0,0.0,0.0,tradeoff_core_length,air,,209.32571271696054,zone_center,0.45,8,0.93,20,2.0,False,downsampled,2,1024,16.0,16.384,33.05175745485164,31.25,fail,0.25122070312500006,7.799569355087367,15.599138710174733,pass,23.11111111111112,2080.0,2.6,pass,6106108.170242552,"Total propagated-power drift; pass<=0.05, marginal<=0.20, fail>0.20. SAS clipping is reported separately by sas_retained_power_fraction_*.",1.0,True,,15.000000000000002,19.594132974572513,36.000000000000036,0.2,pass,general,core_um_x_length_um,"3.0,800.0",False
20260603T200130Z,2026-06-03T20:21:56.533786+00:00,2.0.0,publication,ideal,D4.0_L50.0,equivalent_l0_first_zero_diameter,4.0,4.0,2.0,4.0,3.493712217222893,6.987424434445786,legacy_vortex_inner_hwhm_radius,,,1.9998549336347382,3.9997098672694764,2.911417322834646,5.822834645669292,46.39947859184669,0.515117473374681,46.91459606522137,33.33333333333335,11.684954354337126,45.01828768767048,strict_intersection_peak_power_radius,0.25100624315679576,fail,marginal,3,50.0,0.11110491598080227,0.008071063517253126,objective_f_eff_over_effective_relay_f,0.004923348745524406,1202500.0,beam_to_surface,surface_in_air,1.0,2.911417322834646,5.822834645669292,2.0544104325517987,1.6789084329963215,3.2598984765755588,5.897594426687032e-06,1.8091343853389894e-06,2.7337500000000006,2.7337500000000006,2.7337500000000006,1.0,,,,,,,,,True,bl_asm,0.2,0.2,0.2,1.0,1.0,,,,,46.39947859184669,0.515117473374681,46.91459606522137,False,33.33333333333335,11.684954354337126,45.01828768767048,False,33.33333333333335,11.684954354337126,45.01828768767048,False,33.33333333333335,11.684954354337126,45.01828768767048,False,0.5,0.5,0.15,0.5381081618460448,0.1379310344827586,0.0,False,False,axial_peak_fwhm,5.895567125101502,5.895567125101502,1.3810241287040896,0.23424788479196781,2.7337500000000003e-06,,,0.0,0.0,0.0,tradeoff_core_length,air,,25.018287687670497,zone_center,0.45,8,0.93,20,2.0,True,downsampled,2,1024,16.0,16.384,7.192249285522129,31.25,pass,0.25122070312500006,10.399425806783155,20.798851613566313,pass,6.666666666666655,600.0,2.6,marginal,6106108.170242552,"Total propagated-power drift; pass<=0.05, marginal<=0.20, fail>0.20. SAS clipping is reported separately by sas_retained_power_fraction_*.",1.0,True,,20.0,26.125510632763355,7.50000000000002,0.2,pass,general,core_um_x_length_um,"4.0,50.0",False
20260603T200130Z,2026-06-03T20:21:56.533786+00:00,2.0.0,publication,ideal,D4.0_L100.0,equivalent_l0_first_zero_diameter,4.0,4.0,2.0,4.0,3.493712217222893,6.987424434445786,legacy_vortex_inner_hwhm_radius,,,1.9998549336347382,3.9997098672694764,3.312992125984252,6.625984251968504,85.27166316197531,10.558737112107384,95.83040027408269,73.33333333333334,21.053339563657836,94.38667289699119,strict_intersection_peak_power_radius,0.15675447413922422,marginal,marginal,3,100.0,0.22220899639458336,0.008071063517253126,objective_f_eff_over_effective_relay_f,0.009846697491048812,1202500.0,beam_to_surface,surface_in_air,1.0,3.312992125984252,6.625984251968504,2.3420470471337453,1.9094512295727135,7.5887872745698095,0.00028759062600494103,3.789678318809429e-05,2.7337500000000006,2.7337500000000006,2.7337500000000006,1.0,,,,,,,,,True,bl_asm,0.2,0.2,0.2,1.0,1.0,,,,,85.27166316197531,10.558737112107384,95.83040027408269,False,73.33333333333334,21.053339563657836,94.38667289699119,False,73.33333333333334,21.053339563657836,94.38667289699119,False,206.66666666666663,14.386672896991188,221.05333956365783,False,0.5,0.5,0.15,0.5303406125186837,0.060606060606060726,0.0,False,False,axial_peak_fwhm,3.4273440934606363,3.4273440934606363,1.0842038800741123,0.316339372560453,2.7337500000000003e-06,,,0.0,0.0,0.0,tradeoff_core_length,air,,54.3866728969912,zone_center,0.45,8,0.93,20,2.0,True,downsampled,2,1024,16.0,16.384,8.134498571044258,31.25,pass,0.25122070312500006,10.399425806783155,20.798851613566313,pass,6.666666666666655,600.0,2.6,marginal,6106108.170242552,"Total propagated-power drift; pass<=0.05, marginal<=0.20, fail>0.20. SAS clipping is reported separately by sas_retained_power_fraction_*.",1.0,True,,20.0,26.125510632763355,15.00000000000004,0.2,pass,general,core_um_x_length_um,"4.0,100.0",False
20260603T200130Z,2026-06-03T20:21:56.533786+00:00,2.0.0,publication,ideal,D4.0_L150.0,equivalent_l0_first_zero_diameter,4.0,4.0,2.0,4.0,3.493712217222893,6.987424434445786,legacy_vortex_inner_hwhm_radius,,,1.9998549336347382,3.9997098672694764,3.5137795275590555,7.027559055118111,120.93233766074565,21.57282062213784,142.50515828288349,106.66666666666664,29.441656331336887,136.10832299800353,strict_intersection_peak_power_radius,0.23872752752784931,fail,marginal,3,150.0,0.3333114057120248,0.008071063517253126,objective_f_eff_over_effective_relay_f,0.01477004623657322,1202500.0,beam_to_surface,surface_in_air,1.0,3.5137795275590555,7.027559055118111,2.398578019470462,1.9566247914112633,12.101406527871589,0.00032916487144714693,2.720054653886922e-05,2.7337500000000006,2.7337500000000006,2.7337500000000006,1.0,,,,,,,,,True,bl_asm,0.2,0.2,0.2,1.0,1.0,,,,,120.93233766074565,21.57282062213784,142.50515828288349,False,106.66666666666664,29.441656331336887,136.10832299800353,False,113.33333333333334,29.441656331336887,142.77498966467024,False,306.6666666666666,22.77498966467024,329.44165633133684,False,0.5,0.5,0.15,0.5673493154747856,0.057142857142857016,0.0,False,False,axial_peak_fwhm,2.462452460452537,2.462452460452537,0.9493051994139261,0.385512091973328,2.7337500000000003e-06,,,0.0,0.0,0.0,tradeoff_core_length,air,,82.77498966467023,zone_center,0.45,8,0.93,20,2.0,True,downsampled,2,1024,16.0,16.384,9.076747856566387,31.25,pass,0.25122070312500006,10.399425806783155,20.798851613566313,pass,6.666666666666655,600.0,2.6,pass,6106108.170242552,"Total propagated-power drift; pass<=0.05, marginal<=0.20, fail>0.20. SAS clipping is reported separately by sas_retained_power_fraction_*.",1.0,True,,20.0,26.125510632763355,22.50000000000006,0.2,pass,general,core_um_x_length_um,"4.0,150.0",False
20260603T200130Z,2026-06-03T20:21:56.533786+00:00,2.0.0,publication,ideal,D4.0_L300.0,equivalent_l0_first_zero_diameter,4.0,4.0,2.0,4.0,3.493712217222893,6.987424434445786,legacy_vortex_inner_hwhm_radius,,,1.9998549336347382,3.9997098672694764,3.5137795275590555,7.027559055118111,238.86091701872797,47.57725909927408,286.43817611800205,224.99999999999994,50.761779653927114,275.7617796539271,strict_intersection_peak_power_radius,1.1789113010906076,fail,marginal,3,300.0,0.6666002531502747,0.008071063517253126,objective_f_eff_over_effective_relay_f,0.02954009247314644,1202500.0,beam_to_surface,surface_in_air,1.0,3.5137795275590555,7.027559055118111,2.4365714834864027,1.9657428434762347,25.341443675080058,0.016801594729925255,0.0006630085856729382,2.7337500000000006,2.7337500000000006,2.7337500000000006,1.0,,,,,,,,,True,bl_asm,0.2,0.2,0.2,1.0,1.0,,,,,238.86091701872797,47.57725909927408,286.43817611800205,False,224.99999999999994,50.761779653927114,275.7617796539271,False,224.99999999999994,50.761779653927114,275.7617796539271,False,399.9999999999999,25.761779653927125,425.76177965392696,False,0.5,0.5,0.15,0.5199003743561428,0.057142857142857016,0.0,False,False,axial_peak_fwhm,1.4979176395359481,1.4979176395359481,0.6529038406099419,0.43587432538160786,2.7337500000000003e-06,,,0.0,0.0,0.0,tradeoff_core_length,air,,167.42844632059385,zone_center,0.45,8,0.93,20,2.0,True,downsampled,2,1024,16.0,16.384,11.90349571313277,31.25,pass,0.25122070312500006,10.399425806783155,20.798851613566313,pass,8.66666666666667,780.0,2.6,pass,6106108.170242552,"Total propagated-power drift; pass<=0.05, marginal<=0.20, fail>0.20. SAS clipping is reported separately by sas_retained_power_fraction_*.",1.0,True,,20.0,26.125510632763355,35.99999999999998,0.2,pass,general,core_um_x_length_um,"4.0,300.0",False
20260603T200130Z,2026-06-03T20:21:56.533786+00:00,2.0.0,publication,ideal,D4.0_L500.0,equivalent_l0_first_zero_diameter,4.0,4.0,2.0,4.0,3.493712217222893,6.987424434445786,legacy_vortex_inner_hwhm_radius,,,1.9998549336347382,3.9997098672694764,3.5137795275590555,7.027559055118111,309.75361262934405,83.68728833271126,393.4409009620553,291.6666666666667,90.70521968812122,382.37188635478793,strict_intersection_peak_power_radius,1.541541993496796,fail,marginal,3,500.00000000000006,1.1109113211028379,0.008071063517253126,objective_f_eff_over_effective_relay_f,0.04923348745524407,1202500.0,beam_to_surface,surface_in_air,1.0,3.5137795275590555,7.027559055118111,2.430054136554589,1.9615620314035478,45.28214303764412,0.1052395875435226,0.0023240858423161296,2.7337500000000006,2.7337500000000006,2.7337500000000006,1.0,,,,,,,,,True,bl_asm,0.2,0.2,0.2,1.0,1.0,,,,,309.75361262934405,83.68728833271126,393.4409009620553,False,291.6666666666667,90.70521968812122,382.37188635478793,False,291.6666666666667,90.70521968812122,382.37188635478793,False,416.6666666666667,21.26077524367676,437.9274419103435,False,0.5,0.5,0.15,0.5031282517748932,0.0,0.0,False,False,axial_peak_fwhm,1.4319554103847685,1.4319554103847685,0.6326062614722648,0.4417779051529842,2.7337500000000003e-06,,,0.0,0.0,0.0,tradeoff_core_length,air,,243.482997465899,zone_center,0.45,8,0.93,20,2.0,False,downsampled,2,1024,16.0,16.384,15.672492855221284,31.25,pass,0.25122070312500006,10.399425806783155,20.798851613566313,pass,14.444444444444423,1300.0000000000002,2.6,pass,6106108.170242552,"Total propagated-power drift; pass<=0.05, marginal<=0.20, fail>0.20. SAS clipping is reported separately by sas_retained_power_fraction_*.",1.0,True,,20.0,26.125510632763355,35.999999999999936,0.2,pass,general,core_um_x_length_um,"4.0,500.0",False
20260603T200130Z,2026-06-03T20:21:56.533786+00:00,2.0.0,publication,ideal,D4.0_L800.0,equivalent_l0_first_zero_diameter,4.0,4.0,2.0,4.0,3.493712217222893,6.987424434445786,legacy_vortex_inner_hwhm_radius,,,1.9998549336347382,3.9997098672694764,3.5137795275590555,7.027559055118111,272.47103259799,134.8285844488986,407.2996170468886,222.2222222222222,150.87567271663312,373.09789493885535,strict_intersection_peak_power_radius,2.302995605559573,fail,marginal,3,800.0,1.7771107929417682,0.008071063517253126,objective_f_eff_over_effective_relay_f,0.0787735799283905,1202500.0,beam_to_surface,surface_in_air,1.0,3.5137795275590555,7.027559055118111,2.420865842511112,1.958162666097453,74.08928496134217,0.23602146890082823,0.0031856356695030594,2.7337500000000006,2.7337500000000006,2.7337500000000006,1.0,,,,,,,,,True,bl_asm,0.2,0.2,0.2,1.0,1.0,,,,,272.47103259799,134.8285844488986,407.2996170468886,False,222.2222222222222,150.87567271663312,373.09789493885535,False,244.44444444444437,128.65345049441095,373.09789493885535,False,400.0,39.76456160552204,439.76456160552203,False,0.5,0.5,0.15,0.5769480759369358,0.0,0.0,False,False,axial_peak_fwhm,1.5117498630460773,1.5117498630460773,0.6704216401889502,0.4434739215640439,2.7337500000000003e-06,,,0.0,0.0,0.0,tradeoff_core_length,air,,261.9867838277442,zone_center,0.45,8,0.93,20,2.0,False,downsampled,2,1024,16.0,16.384,21.325988568354052,31.25,pass,0.25122070312500006,10.399425806783155,20.798851613566313,pass,23.11111111111112,2080.0,2.6,pass,6106108.170242552,"Total propagated-power drift; pass<=0.05, marginal<=0.20, fail>0.20. SAS clipping is reported separately by sas_retained_power_fraction_*.",1.0,True,,20.0,26.125510632763355,36.000000000000036,0.2,pass,general,core_um_x_length_um,"4.0,800.0",False
20260603T200130Z,2026-06-03T20:21:56.533786+00:00,2.0.0,publication,ideal,D6.0_L50.0,equivalent_l0_first_zero_diameter,6.0,6.0,3.0,6.0,5.240568325834339,10.481136651668677,legacy_vortex_inner_hwhm_radius,,,2.999782400452107,5.999564800904214,2.5098425196850394,5.019685039370079,34.75446670670362,-6.097522019653937,28.656944687049684,6.666666666666648,-1.4902184529135152,5.176448213753133,strict_intersection_peak_power_radius,0.21934390174744706,fail,marginal,3,50.0,0.04938001232646751,0.008071063517253126,objective_f_eff_over_effective_relay_f,0.003282232497016271,801666.6666666666,beam_to_surface,surface_in_air,1.0,2.5098425196850394,5.019685039370079,1.6901670400046904,1.3816135982118625,1.7738997714798879,2.6806873487271836e-06,1.5111830960386236e-06,2.7337500000000006,2.7337500000000006,2.7337500000000006,1.0,,,,,,,,,True,bl_asm,0.2,0.2,0.2,1.0,1.0,,,,,34.75446670670362,-6.097522019653937,28.656944687049684,False,6.666666666666648,-1.4902184529135152,5.176448213753133,False,13.333333333333352,-1.4902184529135152,11.843114880419837,False,6.666666666666648,-1.4902184529135152,5.176448213753133,False,0.5,0.5,0.15,0.6060034475904253,0.0,0.0,False,False,axial_peak_fwhm,7.249136045630028,7.249136045630028,2.5081553766382085,0.3459936964695526,2.7337500000000003e-06,,,0.0,0.0,0.0,tradeoff_core_length,air,,11.84311488041983,zone_center,0.45,8,0.93,20,2.0,True,downsampled,2,1024,16.0,16.384,6.668777460232058,31.25,pass,0.25122070312500006,15.599138710174733,31.198277420349466,pass,6.666666666666655,600.0,2.6,marginal,6106108.170242552,"Total propagated-power drift; pass<=0.05, marginal<=0.20, fail>0.20. SAS clipping is reported separately by sas_retained_power_fraction_*.",1.0,True,,30.000000000000004,39.18826594914503,7.50000000000002,0.2,pass,general,core_um_x_length_um,"6.0,50.0",False
20260603T200130Z,2026-06-03T20:21:56.533786+00:00,2.0.0,publication,ideal,D6.0_L100.0,equivalent_l0_first_zero_diameter,6.0,6.0,3.0,6.0,5.240568325834339,10.481136651668677,legacy_vortex_inner_hwhm_radius,,,2.999782400452107,5.999564800904214,4.116141732283465,8.23228346456693,92.86704894849252,-0.6349071126273356,92.23214183586519,46.6666666666667,20.4581570227397,67.1248236894064,strict_intersection_peak_power_radius,0.07011230150147267,marginal,marginal,3,100.0,0.09875995129659283,0.008071063517253126,objective_f_eff_over_effective_relay_f,0.006564464994032542,801666.6666666666,beam_to_surface,surface_in_air,1.0,4.116141732283465,8.23228346456693,2.9797450837392048,2.353405018187331,2.8864533673371704,0.0015609613359276427,0.0005407886902284068,2.7337500000000006,2.7337500000000006,2.7337500000000006,1.0,,,,,,,,,True,bl_asm,0.2,0.2,0.2,1.0,1.0,,,,,92.86704894849252,-0.6349071126273356,92.23214183586519,False,46.6666666666667,20.4581570227397,67.1248236894064,False,73.33333333333334,13.791490356073052,87.1248236894064,False,46.6666666666667,20.4581570227397,67.1248236894064,False,0.5,0.5,0.15,0.7859369514192242,0.14634146341463422,0.0,False,False,axial_peak_fwhm,2.9351598615534575,2.9351598615534575,0.6849436012303598,0.2333581929223602,2.73375e-06,,,0.0,0.0,0.0,tradeoff_core_length,air,,47.12482368940638,zone_center,0.45,8,0.93,20,2.0,True,downsampled,2,1024,16.0,16.384,7.087554920464115,31.25,pass,0.25122070312500006,15.599138710174733,31.198277420349466,pass,6.666666666666655,600.0,2.6,marginal,6106108.170242552,"Total propagated-power drift; pass<=0.05, marginal<=0.20, fail>0.20. SAS clipping is reported separately by sas_retained_power_fraction_*.",1.0,True,,30.000000000000004,39.18826594914503,15.00000000000004,0.2,pass,general,core_um_x_length_um,"6.0,100.0",False
20260603T200130Z,2026-06-03T20:21:56.533786+00:00,2.0.0,publication,ideal,D6.0_L150.0,equivalent_l0_first_zero_diameter,6.0,6.0,3.0,6.0,5.240568325834339,10.481136651668677,legacy_vortex_inner_hwhm_radius,,,2.999782400452107,5.999564800904214,4.718503937007874,9.437007874015748,140.26836620554326,5.403960588670156,145.6723267942134,113.33333333333334,25.971256962843594,139.30459029617694,strict_intersection_peak_power_radius,0.042642050145784205,pass,marginal,3,150.0,0.14813974355468765,0.008071063517253126,objective_f_eff_over_effective_relay_f,0.009846697491048812,801666.6666666666,beam_to_surface,surface_in_air,1.0,4.718503937007874,9.437007874015748,3.35752470746961,2.669901197765732,4.627960067744354,0.0007758727204187673,0.00016764896608041047,2.7337500000000006,2.7337500000000006,2.7337500000000006,1.0,,,,,,,,,True,bl_asm,0.2,0.2,0.2,1.0,1.0,,,,,140.26836620554326,5.403960588670156,145.6723267942134,False,113.33333333333334,25.971256962843594,139.30459029617694,False,120.0,25.971256962843594,145.9712569628436,False,173.33333333333334,25.971256962843594,199.30459029617694,False,0.5,0.5,0.15,0.5643504218272344,0.12765957446808518,0.0,False,False,axial_peak_fwhm,2.0976232444739766,2.0976232444739766,0.5364472974481381,0.2557405381835686,2.7337500000000003e-06,,,0.0,0.0,0.0,tradeoff_core_length,air,,79.30459029617694,zone_center,0.45,8,0.93,20,2.0,True,downsampled,2,1024,16.0,16.384,7.506332380696172,31.25,pass,0.25122070312500006,15.599138710174733,31.198277420349466,pass,6.666666666666655,600.0,2.6,pass,6106108.170242552,"Total propagated-power drift; pass<=0.05, marginal<=0.20, fail>0.20. SAS clipping is reported separately by sas_retained_power_fraction_*.",1.0,True,,30.000000000000004,39.18826594914503,22.50000000000006,0.2,pass,general,core_um_x_length_um,"6.0,150.0",False
20260603T200130Z,2026-06-03T20:21:56.533786+00:00,2.0.0,publication,ideal,D6.0_L300.0,equivalent_l0_first_zero_diameter,6.0,6.0,3.0,6.0,5.240568325834339,10.481136651668677,legacy_vortex_inner_hwhm_radius,,,2.999782400452107,5.999564800904214,5.120078740157481,10.240157480314963,247.66701958212752,41.211841361898244,288.8788609440258,225.0,58.615440595038955,283.61544059503893,strict_intersection_peak_power_radius,0.13448447146032122,marginal,marginal,3,300.0,0.2962775065234433,0.008071063517253126,objective_f_eff_over_effective_relay_f,0.019693394982097625,801666.6666666666,beam_to_surface,surface_in_air,1.0,5.120078740157481,10.240157480314963,3.6157797894125743,2.860045493439996,10.634146867577533,0.0012261861841920477,0.0001153064932675106,2.7337500000000006,2.7337500000000006,2.7337500000000006,1.0,,,,,,,,,True,bl_asm,0.2,0.2,0.2,1.0,1.0,,,,,247.66701958212752,41.211841361898244,288.8788609440258,False,225.0,58.615440595038955,283.61544059503893,False,225.0,58.615440595038955,283.61544059503893,False,500.00000000000006,41.948773928372276,541.9487739283722,True,0.5,0.5,0.15,0.5305317650368743,0.07843137254901975,0.0,False,False,axial_peak_fwhm,1.2756442491844178,1.2756442491844178,0.46867478922925065,0.36740242393511946,2.7337500000000003e-06,,,0.0,0.0,0.0,tradeoff_core_length,air,,166.94877392837228,zone_center,0.45,8,0.93,20,2.0,True,downsampled,2,1024,16.0,16.384,8.762664761392344,31.25,pass,0.25122070312500006,15.599138710174733,31.198277420349466,pass,8.66666666666667,780.0,2.6,pass,6106108.170242552,"Total propagated-power drift; pass<=0.05, marginal<=0.20, fail>0.20. SAS clipping is reported separately by sas_retained_power_fraction_*.",1.0,True,,30.000000000000004,39.18826594914503,35.99999999999998,0.2,pass,general,core_um_x_length_um,"6.0,300.0",False
20260603T200130Z,2026-06-03T20:21:56.533786+00:00,2.0.0,publication,ideal,D6.0_L500.0,equivalent_l0_first_zero_diameter,6.0,6.0,3.0,6.0,5.240568325834339,10.481136651668677,legacy_vortex_inner_hwhm_radius,,,2.999782400452107,5.999564800904214,5.120078740157481,10.240157480314963,405.2219375343933,79.36606574203348,484.5880032764268,388.8888888888889,89.38216079493927,478.2710496838282,strict_intersection_peak_power_radius,1.2722933097600895,fail,marginal,3,500.00000000000006,0.49378801998603367,0.008071063517253126,objective_f_eff_over_effective_relay_f,0.03282232497016271,801666.6666666666,beam_to_surface,surface_in_air,1.0,5.120078740157481,10.240157480314963,3.6705318150017283,2.873953237837676,18.70438184589113,0.008395720482468073,0.00044886383049929,2.7337500000000006,2.7337500000000006,2.7337500000000006,1.0,,,,,,,,,True,bl_asm,0.2,0.2,0.2,1.0,1.0,,,,,405.2219375343933,79.36606574203348,484.5880032764268,False,388.8888888888889,89.38216079493927,478.2710496838282,False,388.8888888888889,89.38216079493927,478.2710496838282,False,541.6666666666666,47.71549412827263,589.3821607949393,False,0.5,0.5,0.15,0.5043116997651029,0.03921568627450989,0.0,False,False,axial_peak_fwhm,0.961322389867003,0.961322389867003,0.41318946052257705,0.42981362431363007,2.7337500000000003e-06,,,0.0,0.0,0.0,tradeoff_core_length,air,,283.82660523938375,zone_center,0.45,8,0.93,20,2.0,False,downsampled,2,1024,16.0,16.384,10.43777460232057,31.25,pass,0.25122070312500006,15.599138710174733,31.198277420349466,pass,14.444444444444423,1300.0000000000002,2.6,pass,6106108.170242552,"Total propagated-power drift; pass<=0.05, marginal<=0.20, fail>0.20. SAS clipping is reported separately by sas_retained_power_fraction_*.",1.0,True,,30.000000000000004,39.18826594914503,35.999999999999936,0.2,pass,general,core_um_x_length_um,"6.0,500.0",False
20260603T200130Z,2026-06-03T20:21:56.533786+00:00,2.0.0,publication,ideal,D6.0_L800.0,equivalent_l0_first_zero_diameter,6.0,6.0,3.0,6.0,5.240568325834339,10.481136651668677,legacy_vortex_inner_hwhm_radius,,,2.999782400452107,5.999564800904214,5.120078740157481,10.240157480314963,447.4820486426558,143.08446338986377,590.5665120325195,400.0000000000001,159.32382895859303,559.3238289585931,strict_intersection_peak_power_radius,1.5880216519365413,fail,marginal,3,800.0,0.790030320512193,0.008071063517253126,objective_f_eff_over_effective_relay_f,0.052515719952260335,801666.6666666666,beam_to_surface,surface_in_air,1.0,5.120078740157481,10.240157480314963,3.633748581005326,2.87736182811119,34.12490195640086,0.03711442786831967,0.0010876054066247085,2.7337500000000006,2.7337500000000006,2.7337500000000006,1.0,,,,,,,,,True,bl_asm,0.2,0.2,0.2,1.0,1.0,,,,,447.4820486426558,143.08446338986377,590.5665120325195,False,400.0000000000001,159.32382895859303,559.3238289585931,False,400.0000000000001,159.32382895859303,559.3238289585931,False,577.7777777777779,48.21271784748193,625.9904956252598,False,0.5,0.5,0.15,0.5725923104309875,0.03921568627450989,0.0,False,False,axial_peak_fwhm,1.0023352963951306,1.0023352963951306,0.4352273731604944,0.4342133562748681,2.7337500000000003e-06,,,0.0,0.0,0.0,tradeoff_core_length,air,,359.323828958593,zone_center,0.45,8,0.93,20,2.0,False,downsampled,2,1024,16.0,16.384,12.95043936371291,31.25,pass,0.25122070312500006,15.599138710174733,31.198277420349466,pass,23.11111111111112,2080.0,2.6,pass,6106108.170242552,"Total propagated-power drift; pass<=0.05, marginal<=0.20, fail>0.20. SAS clipping is reported separately by sas_retained_power_fraction_*.",1.0,True,,30.000000000000004,39.18826594914503,36.000000000000036,0.2,pass,general,core_um_x_length_um,"6.0,800.0",False
20260603T200130Z,2026-06-03T20:21:56.533786+00:00,2.0.0,publication,ideal,D8.0_L50.0,equivalent_l0_first_zero_diameter,8.0,8.0,4.0,8.0,6.987424434445786,13.974848868891572,legacy_vortex_inner_hwhm_radius,,,3.9997098672694764,7.999419734538953,3.9153543307086616,7.830708661417323,23.264734759437268,-7.290061827808015,15.97467293162925,0.0,4.102953057300962,4.102953057300962,strict_intersection_peak_power_radius,0.30727708554540656,fail,marginal,3,50.0,0.02777626163482729,0.008071063517253126,objective_f_eff_over_effective_relay_f,0.002461674372762203,601250.0,beam_to_surface,surface_in_air,1.0,3.9153543307086616,7.830708661417323,1.142968827741079,3.3071598598129914,1.3725891682818105,4.543278507682998e-06,3.310006091167261e-06,2.7337500000000006,2.7337500000000006,2.7337500000000006,1.0,,,,,,,,,True,bl_asm,0.2,0.2,0.2,1.0,1.0,,,,,23.264734759437268,-7.290061827808015,15.97467293162925,False,0.0,4.102953057300962,4.102953057300962,False,20.0,-2.563713609365741,17.43628639063426,False,0.0,4.102953057300962,4.102953057300962,False,0.5,0.5,0.15,1.0,0.0,0.0,False,False,axial_peak_fwhm,10.059787982182261,10.059787982182261,0.32189457608388783,0.03199814714326211,2.7337500000000003e-06,,,0.0,0.0,0.0,tradeoff_core_length,air,,4.10295305730095,zone_center,0.45,8,0.93,20,2.0,False,downsampled,2,1024,16.0,16.384,6.485562321380533,31.25,pass,0.25122070312500006,20.79885161356631,41.59770322713263,pass,6.666666666666655,600.0,2.6,marginal,6106108.170242552,"Total propagated-power drift; pass<=0.05, marginal<=0.20, fail>0.20. SAS clipping is reported separately by sas_retained_power_fraction_*.",1.0,True,,40.0,52.25102126552671,7.50000000000002,0.2,pass,general,core_um_x_length_um,"8.0,50.0",False
20260603T200130Z,2026-06-03T20:21:56.533786+00:00,2.0.0,publication,ideal,D8.0_L100.0,equivalent_l0_first_zero_diameter,8.0,8.0,4.0,8.0,6.987424434445786,13.974848868891572,legacy_vortex_inner_hwhm_radius,,,3.9997098672694764,7.999419734538953,3.312992125984252,6.625984251968504,74.7858578270984,-11.058929207930957,63.72692861916745,13.333333333333352,0.09824873659026925,13.43158206992362,strict_intersection_peak_power_radius,0.08733810644000291,marginal,marginal,3,100.0,0.0555525102137818,0.008071063517253126,objective_f_eff_over_effective_relay_f,0.004923348745524406,601250.0,beam_to_surface,surface_in_air,1.0,3.312992125984252,6.625984251968504,1.9199755446949425,1.8654656379081764,1.9278476750511357,0.00044499850942936306,0.0002308265923642331,2.7337500000000006,2.7337500000000006,2.7337500000000006,1.0,,,,,,,,,True,bl_asm,0.2,0.2,0.2,1.0,1.0,,,,,74.7858578270984,-11.058929207930957,63.72692861916745,False,13.333333333333352,0.09824873659026925,13.43158206992362,False,20.0,0.09824873659026925,20.098248736590268,False,13.333333333333352,0.09824873659026925,13.43158206992362,False,0.5,0.5,0.15,0.6006852368233531,0.12121212121212131,0.0,False,False,axial_peak_fwhm,3.4788601160335535,3.4788601160335535,0.9723645789020345,0.2795066620875469,2.7337500000000003e-06,,,0.0,0.0,0.0,tradeoff_core_length,air,,26.764915403256985,zone_center,0.45,8,0.93,20,2.0,False,downsampled,2,1024,16.0,16.384,6.721124642761065,31.25,pass,0.25122070312500006,20.79885161356631,41.59770322713263,pass,6.666666666666655,600.0,2.6,marginal,6106108.170242552,"Total propagated-power drift; pass<=0.05, marginal<=0.20, fail>0.20. SAS clipping is reported separately by sas_retained_power_fraction_*.",1.0,True,,40.0,52.25102126552671,15.00000000000004,0.2,pass,general,core_um_x_length_um,"8.0,100.0",False
20260603T200130Z,2026-06-03T20:21:56.533786+00:00,2.0.0,publication,ideal,D8.0_L150.0,equivalent_l0_first_zero_diameter,8.0,8.0,4.0,8.0,6.987424434445786,13.974848868891572,legacy_vortex_inner_hwhm_radius,,,3.9997098672694764,7.999419734538953,4.919291338582678,9.838582677165356,137.21378826301532,-6.759084619818695,130.4547036431966,33.33333333333329,23.070808943639758,56.404142276973054,strict_intersection_peak_power_radius,0.05278357481862712,marginal,marginal,3,150.0,0.08332873268102757,0.008071063517253126,objective_f_eff_over_effective_relay_f,0.00738502311828661,601250.0,beam_to_surface,surface_in_air,1.0,4.919291338582678,9.838582677165356,3.555258604699085,2.7092361078728637,2.4685922230701456,4.290840629944076e-06,1.7381731133413487e-06,2.7337500000000006,2.7337500000000006,2.7337500000000006,1.0,,,,,,,,,True,bl_asm,0.2,0.2,0.2,1.0,1.0,,,,,137.21378826301532,-6.759084619818695,130.4547036431966,False,33.33333333333329,23.070808943639758,56.404142276973054,False,100.0,16.404142276973054,116.40414227697305,False,33.33333333333329,23.070808943639758,56.404142276973054,False,0.5,0.5,0.15,0.772699979452549,0.1224489795918368,0.0,False,False,axial_peak_fwhm,1.9816088642067133,1.9816088642067133,0.5352642911568101,0.2701160157411233,2.7337500000000003e-06,,,0.0,0.0,0.0,tradeoff_core_length,air,,63.07080894363977,zone_center,0.45,8,0.93,20,2.0,False,downsampled,2,1024,16.0,16.384,6.956686964141597,31.25,pass,0.25122070312500006,20.79885161356631,41.59770322713263,pass,6.666666666666655,600.0,2.6,pass,6106108.170242552,"Total propagated-power drift; pass<=0.05, marginal<=0.20, fail>0.20. SAS clipping is reported separately by sas_retained_power_fraction_*.",1.0,True,,40.0,52.25102126552671,22.50000000000006,0.2,pass,general,core_um_x_length_um,"8.0,150.0",False
20260603T200130Z,2026-06-03T20:21:56.533786+00:00,2.0.0,publication,ideal,D8.0_L300.0,equivalent_l0_first_zero_diameter,8.0,8.0,4.0,8.0,6.987424434445786,13.974848868891572,legacy_vortex_inner_hwhm_radius,,,3.9997098672694764,7.999419734538953,6.525590551181104,13.051181102362207,277.31183130734433,15.89671060558008,293.20854191292443,225.0,61.96278866443979,286.9627886644398,strict_intersection_peak_power_radius,0.03767949873602749,pass,marginal,3,300.0,0.16665711285547832,0.008071063517253126,objective_f_eff_over_effective_relay_f,0.01477004623657322,601250.0,beam_to_surface,surface_in_air,1.0,6.525590551181104,13.051181102362207,4.609905341234909,3.6344595272727633,5.364298624465322,2.749971686529175e-06,5.126432883484883e-07,2.7337500000000006,2.7337500000000006,2.7337500000000006,1.0,,,,,,,,,True,bl_asm,0.2,0.2,0.2,1.0,1.0,,,,,277.31183130734433,15.89671060558008,293.20854191292443,False,225.0,61.96278866443979,286.9627886644398,False,241.66666666666674,53.62945533110645,295.2961219977732,False,425.0,61.96278866443979,486.96278866443976,False,0.5,0.5,0.15,0.53926155350574,0.12307692307692307,0.0,False,False,axial_peak_fwhm,1.10810196662608,1.10810196662608,0.29833168788474845,0.26922764950332234,2.73375e-06,,,0.0,0.0,0.0,tradeoff_core_length,air,,161.96278866443973,zone_center,0.45,8,0.93,20,2.0,False,downsampled,2,1024,16.0,16.384,7.663373928283193,31.25,pass,0.25122070312500006,20.79885161356631,41.59770322713263,pass,8.66666666666667,780.0,2.6,pass,6106108.170242552,"Total propagated-power drift; pass<=0.05, marginal<=0.20, fail>0.20. SAS clipping is reported separately by sas_retained_power_fraction_*.",1.0,True,,40.0,52.25102126552671,35.99999999999998,0.2,pass,general,core_um_x_length_um,"8.0,300.0",False
20260603T200130Z,2026-06-03T20:21:56.533786+00:00,2.0.0,publication,ideal,D8.0_L500.0,equivalent_l0_first_zero_diameter,8.0,8.0,4.0,8.0,6.987424434445786,13.974848868891572,legacy_vortex_inner_hwhm_radius,,,3.9997098672694764,7.999419734538953,6.726377952755906,13.452755905511813,419.57204564345716,66.42011436978807,485.99216001324515,388.8888888888889,85.8429214492822,474.73181033817116,strict_intersection_peak_power_radius,0.8082107024665685,fail,marginal,3,500.00000000000006,0.27776046215842537,0.008071063517253126,objective_f_eff_over_effective_relay_f,0.024616743727622035,601250.0,beam_to_surface,surface_in_air,1.0,6.726377952755906,13.452755905511813,4.813645869236901,3.7972475200677005,9.95332211590525,0.0008940271218236128,8.982198218974263e-05,2.7337500000000006,2.7337500000000006,2.7337500000000006,1.0,,,,,,,,,True,bl_asm,0.2,0.2,0.2,1.0,1.0,,,,,419.57204564345716,66.42011436978807,485.99216001324515,False,388.8888888888889,85.8429214492822,474.73181033817116,False,388.8888888888889,85.8429214492822,474.73181033817116,False,749.9999999999999,58.06514367150443,808.0651436715044,False,0.5,0.5,0.15,0.5039890837254202,0.0895522388059702,0.0,False,False,axial_peak_fwhm,0.8195116068988822,0.8195116068988822,0.2942973152601044,0.3591130531680402,2.7337500000000003e-06,,,0.0,0.0,0.0,tradeoff_core_length,air,,280.2873658937267,zone_center,0.45,8,0.93,20,2.0,False,downsampled,2,1024,16.0,16.384,8.605623213805321,31.25,pass,0.25122070312500006,20.79885161356631,41.59770322713263,pass,14.444444444444423,1300.0000000000002,2.6,pass,6106108.170242552,"Total propagated-power drift; pass<=0.05, marginal<=0.20, fail>0.20. SAS clipping is reported separately by sas_retained_power_fraction_*.",1.0,True,,40.0,52.25102126552671,35.99999999999997,0.2,pass,general,core_um_x_length_um,"8.0,500.0",False
20260603T200130Z,2026-06-03T20:21:56.533786+00:00,2.0.0,publication,ideal,D8.0_L800.0,equivalent_l0_first_zero_diameter,8.0,8.0,4.0,8.0,6.987424434445786,13.974848868891572,legacy_vortex_inner_hwhm_radius,,,3.9997098672694764,7.999419734538953,6.927165354330709,13.854330708661418,606.9338983117423,129.74341446320423,736.6773127749465,555.5555555555557,139.36408054370236,694.919636099258,strict_intersection_peak_power_radius,1.3982551977677329,fail,marginal,3,800.0,0.44441130847920957,0.008071063517253126,objective_f_eff_over_effective_relay_f,0.03938678996419525,601250.0,beam_to_surface,surface_in_air,1.0,6.927165354330709,13.854330708661418,4.894583515351604,3.8053708460207623,17.40012842340172,0.006067985536788197,0.00034873222709248873,2.7337500000000006,2.7337500000000006,2.7337500000000006,1.0,,,,,,,,,True,bl_asm,0.2,0.2,0.2,1.0,1.0,,,,,606.9338983117423,129.74341446320423,736.6773127749465,False,555.5555555555557,139.36408054370236,694.919636099258,False,555.5555555555557,139.36408054370236,694.919636099258,False,777.7777777777778,72.69741387703566,850.4751916548136,False,0.5,0.5,0.15,0.5124977715889562,0.057971014492753485,0.0,False,False,axial_peak_fwhm,0.6737544787696045,0.6737544787696045,0.27141916791943416,0.4028458087805128,2.73375e-06,,,0.0,0.0,0.0,tradeoff_core_length,air,,428.25296943259127,zone_center,0.45,8,0.93,20,2.0,False,downsampled,2,1024,16.0,16.384,10.018997142088514,31.25,pass,0.25122070312500006,20.79885161356631,41.59770322713263,pass,23.11111111111112,2080.0,2.6,pass,6106108.170242552,"Total propagated-power drift; pass<=0.05, marginal<=0.20, fail>0.20. SAS clipping is reported separately by sas_retained_power_fraction_*.",1.0,True,,40.0,52.25102126552671,36.000000000000036,0.2,pass,general,core_um_x_length_um,"8.0,800.0",False
