ell,target_core_diameter_um,target_scale_definition,target_equivalent_l0_core_diameter_um,equivalent_l0_first_zero_radius_um,equivalent_l0_first_zero_diameter_um,vortex_main_ring_radius_um,vortex_main_ring_diameter_um,target_bessel_length_um,gamma_slm_deg,magnification_to_sample,objective_map_source,waist_matched_design_magnification_to_sample,kr_sample_m_inv,study_kind,focused_plane,beam_medium_n,ring_radius_um,ring_diameter_um,core_radius_um,core_radius_definition,core_hwhm_radius_um,core_hwhm_diameter_um,core_first_zero_radius_um,core_first_zero_diameter_um,feature_radius_um,feature_diameter_um,ring_width_um,peak_in_plane,peak_onaxis,onaxis_to_peak_ratio,pulse_energy_at_sample_uJ,pulse_energy_at_surface_air_uJ,fluence_pulse_energy_uJ,first_order_selected_fraction,first_order_carrier_lpmm,first_order_configured_filter_radius_lpmm,first_order_effective_filter_radius_lpmm,first_order_recommended_filter_radius_lpmm,first_order_axicon_cone_radius_lpmm,first_order_peak_fx_lpmm,first_order_peak_fy_lpmm,first_order_peak_distance_to_carrier_lpmm,first_order_geometry_valid,propagation_method,output_dx_at_peak_um,output_dx_min_um,output_dx_max_um,sas_retained_power_fraction_min,sas_retained_power_fraction_at_peak,sas_z_limit_min_um,sas_z_over_limit_max,sas_output_magnification_at_peak,sas_bandlimit_retained_fraction_min,bessel_zone_um,zone_start_um,zone_end_um,zone_capped,bessel_region_um,bessel_region_start_um,bessel_region_end_um,bessel_region_capped,feature_power_zone_um,feature_power_zone_start_um,feature_power_zone_end_um,feature_power_zone_capped,radius_stability_zone_um,radius_stability_zone_start_um,radius_stability_zone_end_um,radius_stability_zone_capped,bessel_region_peak_level,bessel_region_power_level,bessel_region_radius_tolerance,ring_or_core_power_fraction_min_in_region,ring_or_core_radius_drift_fraction_max_in_region,ring_or_core_radius_drift_fraction_at_peak,bessel_region_definition,strict_bessel_region_um,strict_bessel_region_start_um,strict_bessel_region_end_um,strict_bessel_region_capped,canonical_zone_um,canonical_zone_start_um,canonical_zone_end_um,canonical_zone_capped,canonical_zone_definition,peak_fluence_J_cm2,core_or_ring_peak_fluence_J_cm2,side_lobe_peak_fluence_J_cm2,side_to_core_peak_ratio,plane_fluence_integral_J,effective_pulses,incubated_threshold_J_cm2,line_proxy_threshold_length_um,line_proxy_threshold_width_um,line_proxy_threshold_area_um2,study,case_id,path,material,write_depth_um,surface_z_um,surface_placement,NA,phase_bits,fill_factor,blaze_period_px,beam_radius_on_slm_mm,hardware_reachable,qa_status,device_grid_label,device_downsample,pupil_N,pupil_dx_um,pupil_window_mm,phase_frequency_lpmm,pupil_nyquist_lpmm,phase_sampling_label,focal_dx_um,focal_kt_nyquist_over_kr,focal_samples_per_radial_period,focal_sampling_label,axial_dz_um,axial_scan_end_um,axial_scan_target_factor,axial_sampling_label,k_medium_m_inv,propagation_power_drift_fraction,propagation_power_label,propagation_power_clipping_note,sas_retained_power_fraction_mean,validity_valid,validity_violations,validity_samples_per_feature,validity_samples_per_radial_period,validity_samples_per_axial_zone,validity_output_dx_um,validity_action,regime,knob,knob_value,normalised_canonical_zone_sensitivity,normalised_zone_sensitivity,mapping_mode,objective_map_demag,mapping_claim_scope,hardware_target_achieved,phase1r_metadata_reexport,phase1r_quantitative_status,phase1r_quantitative_valid,phase1r_case_uid,phase1r_evidence_path
0,3.0,equivalent_l0_first_zero_diameter,3.0,1.5,3.0,0.0,0.0,150.0,0.5925391693126465,0.008071063517253126,compute_design_from_targets:w0_sample/beam_radius_on_slm,0.019693394982097625,1603333.3333333333,beam_to_surface,surface_in_air,1.0,0.0,0.0,0.7207604764090257,ell0_bright_core_hwhm_radius,0.7207604764090257,1.4415209528180515,1.4998912002260536,2.999782400452107,0.7207604764090257,1.4415209528180515,1.4415209528180515,117.67815050898616,117.67815050898616,1.0,2.7337500000000006,2.7337500000000006,2.7337500000000006,1.0,,,,,,,,,True,bl_asm,0.2,0.2,0.2,1.0,1.0,,,,,116.33091152745993,22.737737690163733,139.06864921762366,False,106.66666666666664,28.645355889007714,135.31202255567436,False,106.66666666666664,28.645355889007714,135.31202255567436,False,340.0,1.978689222341065,341.9786892223411,False,0.5,0.5,0.15,0.5375352133989988,0.004479540399711223,0.0,strict_intersection_peak_power_radius,106.66666666666664,28.645355889007714,135.31202255567436,False,116.33091152745993,22.737737690163733,139.06864921762366,False,axial_peak_fwhm,13.851095919190627,13.851095919190627,2.2276718122429475,0.16083000401120023,2.73375e-06,,,0.0,0.0,0.0,oat_sensitivity,ell_0,ideal,air,,81.97868922234106,zone_center,0.45,8,0.93,20,2.0,True,marginal,downsampled,2,1024,16.0,16.384,11.275329522784684,31.25,pass,0.25122070312500006,7.799569355087367,15.599138710174733,pass,6.666666666666655,600.0,2.6,pass,6106108.170242552,1.0229108219471434,fail,"Total propagated-power drift; pass<=0.05, marginal<=0.20, fail>0.20. SAS clipping is reported separately by sas_retained_power_fraction_*.",1.0,True,,15.000000000000002,19.594132974572513,22.50000000000006,0.2,pass,general,ell,0.0,0.02320432678088458,0.02320432678088458,target_matched_inverse_design,0.008071063517253126,inverse_design_feasibility,false,true,invalid_unconverged,false,HDR-f009d5adf88a,outputs/validation/phase1_reconciliation/phase1r_convergence_manifest.json
1,3.0,equivalent_l0_first_zero_diameter,3.0,1.5,3.0,1.1483474727696423,2.2966949455392847,150.0,0.5925391693126465,0.008071063517253126,compute_design_from_targets:w0_sample/beam_radius_on_slm,0.019693394982097625,1603333.3333333333,beam_to_surface,surface_in_air,1.0,1.1043307086614174,2.2086614173228347,0.5194593870743436,legacy_vortex_inner_hwhm_radius,,,1.4998912002260536,2.999782400452107,1.1043307086614174,2.2086614173228347,1.2504375666281835,40.516740791037584,1.5258349614769682,0.03765937071163649,2.7337500000000006,2.7337500000000006,2.7337500000000006,1.0,,,,,,,,,True,bl_asm,0.2,0.2,0.2,1.0,1.0,,,,,116.1868957222895,23.16364585060109,139.3505415728906,False,106.66666666666664,28.48129913527668,135.14796580194331,False,106.66666666666664,28.48129913527668,135.14796580194331,False,273.33333333333326,8.481299135276679,281.81463246860994,False,0.5,0.5,0.15,0.5413300940968694,0.0,0.0,strict_intersection_peak_power_radius,106.66666666666664,28.48129913527668,135.14796580194331,False,116.1868957222895,23.16364585060109,139.3505415728906,False,axial_peak_fwhm,4.774646642607711,4.774646642607711,2.203436027157625,0.46148672186434325,2.7337500000000003e-06,,,0.0,0.0,0.0,oat_sensitivity,ell_1,ideal,air,,81.81463246861004,zone_center,0.45,8,0.93,20,2.0,True,marginal,downsampled,2,1024,16.0,16.384,11.275329522784684,31.25,pass,0.25122070312500006,7.799569355087367,15.599138710174733,pass,6.666666666666655,600.0,2.6,pass,6106108.170242552,1.0272783375419339,fail,"Total propagated-power drift; pass<=0.05, marginal<=0.20, fail>0.20. SAS clipping is reported separately by sas_retained_power_fraction_*.",1.0,True,,15.000000000000002,19.594132974572513,22.50000000000006,0.2,pass,general,ell,1.0,0.02320432678088458,0.02320432678088458,target_matched_inverse_design,0.008071063517253126,inverse_design_feasibility,false,true,invalid_unconverged,false,HDR-bae82a5c8ae9,outputs/validation/phase1_reconciliation/phase1r_convergence_manifest.json
3,3.0,equivalent_l0_first_zero_diameter,3.0,1.5,3.0,2.6202841629171694,5.240568325834339,150.0,0.5925391693126465,0.008071063517253126,compute_design_from_targets:w0_sample/beam_radius_on_slm,0.019693394982097625,1603333.3333333333,beam_to_surface,surface_in_air,1.0,2.5098425196850394,5.019685039370079,1.8041707581587265,legacy_vortex_inner_hwhm_radius,,,1.4998912002260536,2.999782400452107,2.5098425196850394,5.019685039370079,1.5044946357839921,22.269161613545528,0.0026737941197613226,0.00012006712089847828,2.7337500000000006,2.7337500000000006,2.7337500000000006,1.0,,,,,,,,,True,bl_asm,0.2,0.2,0.2,1.0,1.0,,,,,116.35681166710425,23.280320816657174,139.63713248376143,False,106.66666666666664,28.52851528498449,135.19518195165114,False,106.66666666666664,28.52851528498449,135.19518195165114,False,266.6666666666666,15.195181951651168,281.86184861831777,False,0.5,0.5,0.15,0.5449828114083398,0.0,0.0,strict_intersection_peak_power_radius,106.66666666666664,28.52851528498449,135.19518195165114,False,116.35681166710425,23.280320816657174,139.63713248376143,False,axial_peak_fwhm,2.6356828550879867,2.6356828550879867,1.1320471208036484,0.4295080945032203,2.7337500000000003e-06,,,0.0,0.0,0.0,oat_sensitivity,ell_3,ideal,air,,81.86184861831784,zone_center,0.45,8,0.93,20,2.0,True,marginal,downsampled,2,1024,16.0,16.384,11.275329522784684,31.25,pass,0.25122070312500006,7.799569355087367,15.599138710174733,pass,6.666666666666655,600.0,2.6,pass,6106108.170242552,1.04549912365757,fail,"Total propagated-power drift; pass<=0.05, marginal<=0.20, fail>0.20. SAS clipping is reported separately by sas_retained_power_fraction_*.",1.0,True,,15.000000000000002,19.594132974572513,22.50000000000006,0.2,pass,general,ell,3.0,0.02320432678088458,0.02320432678088458,target_matched_inverse_design,0.008071063517253126,inverse_design_feasibility,false,true,invalid_unconverged,false,HDR-0bffcf8cdc4c,outputs/validation/phase1_reconciliation/phase1r_convergence_manifest.json
5,3.0,equivalent_l0_first_zero_diameter,3.0,1.5,3.0,4.001423934948176,8.002847869896351,150.0,0.5925391693126465,0.008071063517253126,compute_design_from_targets:w0_sample/beam_radius_on_slm,0.019693394982097625,1603333.3333333333,beam_to_surface,surface_in_air,1.0,3.9153543307086616,7.830708661417323,3.0507840463140456,legacy_vortex_inner_hwhm_radius,,,1.4998912002260536,2.999782400452107,3.9153543307086616,7.830708661417323,1.6587244425711343,16.180362339965395,0.002420461732986524,0.00014959255436499086,2.7337500000000006,2.7337500000000006,2.7337500000000006,1.0,,,,,,,,,True,bl_asm,0.2,0.2,0.2,1.0,1.0,,,,,118.14628832024407,21.603706918957467,139.74999523920155,False,106.66666666666664,28.146943134405046,134.8136098010717,False,106.66666666666664,28.146943134405046,134.8136098010717,False,259.99999999999994,21.480276467738395,281.48027646773835,False,0.5,0.5,0.15,0.5525835326968033,0.05128205128205138,0.0,strict_intersection_peak_power_radius,106.66666666666664,28.146943134405046,134.8136098010717,False,118.14628832024407,21.603706918957467,139.74999523920155,False,axial_peak_fwhm,1.9302041444415012,1.9302041444415012,0.8766057035836977,0.4541518088167513,2.7337500000000007e-06,,,0.0,0.0,0.0,oat_sensitivity,ell_5,ideal,air,,81.48027646773838,zone_center,0.45,8,0.93,20,2.0,True,marginal,downsampled,2,1024,16.0,16.384,11.275329522784684,31.25,pass,0.25122070312500006,7.799569355087367,15.599138710174733,pass,6.666666666666655,600.0,2.6,pass,6106108.170242552,1.0681378783017146,fail,"Total propagated-power drift; pass<=0.05, marginal<=0.20, fail>0.20. SAS clipping is reported separately by sas_retained_power_fraction_*.",1.0,True,,15.000000000000002,19.594132974572513,22.50000000000006,0.2,pass,general,ell,5.0,0.02320432678088458,0.02320432678088458,target_matched_inverse_design,0.008071063517253126,inverse_design_feasibility,false,true,invalid_unconverged,false,HDR-96d41cbe0198,outputs/validation/phase1_reconciliation/phase1r_convergence_manifest.json
8,3.0,equivalent_l0_first_zero_diameter,3.0,1.5,3.0,6.0171029014535655,12.034205802907131,150.0,0.5925391693126465,0.008071063517253126,compute_design_from_targets:w0_sample/beam_radius_on_slm,0.019693394982097625,1603333.3333333333,beam_to_surface,surface_in_air,1.0,5.72244094488189,11.44488188976378,4.832753443917178,legacy_vortex_inner_hwhm_radius,,,1.4998912002260536,2.999782400452107,5.72244094488189,11.44488188976378,1.8308540642495885,11.712111717877796,0.11047931078485568,0.00943291128415519,2.7337500000000006,2.7337500000000006,2.7337500000000006,1.0,,,,,,,,,True,bl_asm,0.2,0.2,0.2,1.0,1.0,,,,,122.83778764577146,16.93030882194439,139.76809646771585,False,100.0,33.46068767530141,133.46068767530141,False,100.0,33.46068767530141,133.46068767530141,False,273.3333333333333,20.127354341968115,293.4606876753014,False,0.5,0.5,0.15,0.5642824726390369,0.07017543859649127,0.0,strict_intersection_peak_power_radius,100.0,33.46068767530141,133.46068767530141,False,122.83778764577146,16.93030882194439,139.76809646771585,False,axial_peak_fwhm,1.4222306147858734,1.4222306147858734,0.4349405044656907,0.30581573757725217,2.7337500000000003e-06,,,0.0,0.0,0.0,oat_sensitivity,ell_8,ideal,air,,80.12735434196811,zone_center,0.45,8,0.93,20,2.0,True,marginal,downsampled,2,1024,16.0,16.384,11.275329522784684,31.25,pass,0.25122070312500006,7.799569355087367,15.599138710174733,pass,6.666666666666655,600.0,2.6,pass,6106108.170242552,1.1073582422314419,fail,"Total propagated-power drift; pass<=0.05, marginal<=0.20, fail>0.20. SAS clipping is reported separately by sas_retained_power_fraction_*.",1.0,True,,15.000000000000002,19.594132974572513,22.50000000000006,0.2,pass,general,ell,8.0,0.02320432678088458,0.02320432678088458,target_matched_inverse_design,0.008071063517253126,inverse_design_feasibility,false,true,invalid_unconverged,false,HDR-d29d25ceab8d,outputs/validation/phase1_reconciliation/phase1r_convergence_manifest.json
3,1.0,equivalent_l0_first_zero_diameter,1.0,0.5,1.0,0.8734280543057232,1.7468561086114465,150.0,5.317720874321809,0.008071063517253126,compute_design_from_targets:w0_sample/beam_radius_on_slm,0.05908018494629288,4810000.0,beam_to_surface,surface_in_air,1.0,0.9035433070866142,1.8070866141732285,0.49560273497886637,legacy_vortex_inner_hwhm_radius,,,0.49996373340868455,0.9999274668173691,0.9035433070866142,1.8070866141732285,0.7384598246370981,223.41461862729312,7.288485431765514,0.032623135748893764,2.7337500000000006,2.7337500000000006,2.7337500000000006,1.0,,,,,,,,,True,bl_asm,0.2,0.2,0.2,1.0,1.0,,,,,47.28493119966363,16.283432901886517,63.56836410155015,False,40.0,16.6331771308239,56.633177130823896,False,40.0,16.6331771308239,56.633177130823896,False,60.0,3.299843797490603,63.2998437974906,False,0.5,0.5,0.15,0.5251087583097984,0.0,0.0,strict_intersection_peak_power_radius,40.0,16.6331771308239,56.633177130823896,False,47.28493119966363,16.283432901886517,63.56836410155015,False,axial_peak_fwhm,5.862383200699032,5.862383200699032,2.6329406478667368,0.44912462350683324,2.73375e-06,,,0.0,0.0,0.0,oat_sensitivity,target_core_diameter_um_1p0,ideal,air,,43.29984379749058,zone_center,0.45,8,0.93,20,2.0,True,fail,downsampled,2,1024,16.0,16.384,51.477965705062154,31.25,fail,0.25122070312500006,2.5998564516957887,5.199712903391578,pass,6.666666666666655,600.0,2.6,pass,6106108.170242552,3.8330919027090804,fail,"Total propagated-power drift; pass<=0.05, marginal<=0.20, fail>0.20. SAS clipping is reported separately by sas_retained_power_fraction_*.",1.0,True,,5.0,6.531377658190839,22.50000000000006,0.2,pass,general,target_core_diameter_um,1.0,0.36609457793299,0.36609457793299,target_matched_inverse_design,0.008071063517253126,inverse_design_feasibility,false,true,invalid_unconverged,false,HDR-d99959352381,outputs/validation/phase1_reconciliation/phase1r_convergence_manifest.json
3,2.0,equivalent_l0_first_zero_diameter,2.0,1.0,2.0,1.7468561086114465,3.493712217222893,150.0,1.3330200950551903,0.008071063517253126,compute_design_from_targets:w0_sample/beam_radius_on_slm,0.02954009247314644,2405000.0,beam_to_surface,surface_in_air,1.0,1.7066929133858268,3.4133858267716537,1.1825315684130047,legacy_vortex_inner_hwhm_radius,,,0.9999274668173691,1.9998549336347382,1.7066929133858268,3.4133858267716537,1.0485741950078182,50.97739495744272,0.10094668688154387,0.0019802245086438185,2.7337500000000006,2.7337500000000006,2.7337500000000006,1.0,,,,,,,,,True,bl_asm,0.2,0.2,0.2,1.0,1.0,,,,,111.04385021402429,22.232803010257715,133.276653224282,False,106.66666666666664,25.323571589382055,131.9902382560487,False,106.66666666666664,25.323571589382055,131.9902382560487,False,193.33333333333334,5.323571589382057,198.6569049227154,False,0.5,0.5,0.15,0.5078614236137435,0.0,0.0,strict_intersection_peak_power_radius,106.66666666666664,25.323571589382055,131.9902382560487,False,111.04385021402429,22.232803010257715,133.276653224282,False,axial_peak_fwhm,2.9731128827983295,2.9731128827983295,1.3225309763683593,0.4448303944395065,2.7337500000000003e-06,,,0.0,0.0,0.0,oat_sensitivity,target_core_diameter_um_2p0,ideal,air,,78.6569049227154,zone_center,0.45,8,0.93,20,2.0,True,marginal,downsampled,2,1024,16.0,16.384,17.55699142626554,31.25,pass,0.25122070312500006,5.199712903391577,10.399425806783157,pass,6.666666666666655,600.0,2.6,pass,6106108.170242552,1.499786962755408,fail,"Total propagated-power drift; pass<=0.05, marginal<=0.20, fail>0.20. SAS clipping is reported separately by sas_retained_power_fraction_*.",1.0,True,,10.0,13.062755316381677,22.50000000000006,0.2,pass,general,target_core_diameter_um,2.0,0.36609457793299,0.36609457793299,target_matched_inverse_design,0.008071063517253126,inverse_design_feasibility,false,true,invalid_unconverged,false,HDR-79923fe09760,outputs/validation/phase1_reconciliation/phase1r_convergence_manifest.json
3,3.0,equivalent_l0_first_zero_diameter,3.0,1.5,3.0,2.6202841629171694,5.240568325834339,150.0,0.5925391693126465,0.008071063517253126,compute_design_from_targets:w0_sample/beam_radius_on_slm,0.019693394982097625,1603333.3333333333,beam_to_surface,surface_in_air,1.0,2.5098425196850394,5.019685039370079,1.8041707581587265,legacy_vortex_inner_hwhm_radius,,,1.4998912002260536,2.999782400452107,2.5098425196850394,5.019685039370079,1.5044946357839921,22.269161613545528,0.0026737941197613226,0.00012006712089847828,2.7337500000000006,2.7337500000000006,2.7337500000000006,1.0,,,,,,,,,True,bl_asm,0.2,0.2,0.2,1.0,1.0,,,,,116.35681166710425,23.280320816657174,139.63713248376143,False,106.66666666666664,28.52851528498449,135.19518195165114,False,106.66666666666664,28.52851528498449,135.19518195165114,False,266.6666666666666,15.195181951651168,281.86184861831777,False,0.5,0.5,0.15,0.5449828114083398,0.0,0.0,strict_intersection_peak_power_radius,106.66666666666664,28.52851528498449,135.19518195165114,False,116.35681166710425,23.280320816657174,139.63713248376143,False,axial_peak_fwhm,2.6356828550879867,2.6356828550879867,1.1320471208036484,0.4295080945032203,2.7337500000000003e-06,,,0.0,0.0,0.0,oat_sensitivity,target_core_diameter_um_3p0,ideal,air,,81.86184861831784,zone_center,0.45,8,0.93,20,2.0,True,marginal,downsampled,2,1024,16.0,16.384,11.275329522784684,31.25,pass,0.25122070312500006,7.799569355087367,15.599138710174733,pass,6.666666666666655,600.0,2.6,pass,6106108.170242552,1.04549912365757,fail,"Total propagated-power drift; pass<=0.05, marginal<=0.20, fail>0.20. SAS clipping is reported separately by sas_retained_power_fraction_*.",1.0,True,,15.000000000000002,19.594132974572513,22.50000000000006,0.2,pass,general,target_core_diameter_um,3.0,0.36609457793299,0.36609457793299,target_matched_inverse_design,0.008071063517253126,inverse_design_feasibility,false,true,invalid_unconverged,false,HDR-0bffcf8cdc4c,outputs/validation/phase1_reconciliation/phase1r_convergence_manifest.json
3,4.0,equivalent_l0_first_zero_diameter,4.0,2.0,4.0,3.493712217222893,6.987424434445786,150.0,0.3333114057120248,0.008071063517253126,compute_design_from_targets:w0_sample/beam_radius_on_slm,0.01477004623657322,1202500.0,beam_to_surface,surface_in_air,1.0,3.5137795275590555,7.027559055118111,2.398578019470462,legacy_vortex_inner_hwhm_radius,,,1.9998549336347382,3.9997098672694764,3.5137795275590555,7.027559055118111,1.9566247914112633,12.101406527871589,0.00032916487144714693,2.720054653886922e-05,2.7337500000000006,2.7337500000000006,2.7337500000000006,1.0,,,,,,,,,True,bl_asm,0.2,0.2,0.2,1.0,1.0,,,,,120.93233766074565,21.57282062213784,142.50515828288349,False,106.66666666666664,29.441656331336887,136.10832299800353,False,113.33333333333334,29.441656331336887,142.77498966467024,False,306.6666666666666,22.77498966467024,329.44165633133684,False,0.5,0.5,0.15,0.5673493154747856,0.057142857142857016,0.0,strict_intersection_peak_power_radius,106.66666666666664,29.441656331336887,136.10832299800353,False,120.93233766074565,21.57282062213784,142.50515828288349,False,axial_peak_fwhm,2.462452460452537,2.462452460452537,0.9493051994139261,0.385512091973328,2.7337500000000003e-06,,,0.0,0.0,0.0,oat_sensitivity,target_core_diameter_um_4p0,ideal,air,,82.77498966467023,zone_center,0.45,8,0.93,20,2.0,True,marginal,downsampled,2,1024,16.0,16.384,9.076747856566387,31.25,pass,0.25122070312500006,10.399425806783155,20.798851613566313,pass,6.666666666666655,600.0,2.6,pass,6106108.170242552,0.23872752752784931,fail,"Total propagated-power drift; pass<=0.05, marginal<=0.20, fail>0.20. SAS clipping is reported separately by sas_retained_power_fraction_*.",1.0,True,,20.0,26.125510632763355,22.50000000000006,0.2,pass,general,target_core_diameter_um,4.0,0.36609457793299,0.36609457793299,target_matched_inverse_design,0.008071063517253126,inverse_design_feasibility,false,true,invalid_unconverged,false,HDR-3bf4c7888314,outputs/validation/phase1_reconciliation/phase1r_convergence_manifest.json
3,6.0,equivalent_l0_first_zero_diameter,6.0,3.0,6.0,5.240568325834339,10.481136651668677,150.0,0.14813974355468765,0.008071063517253126,compute_design_from_targets:w0_sample/beam_radius_on_slm,0.009846697491048812,801666.6666666666,beam_to_surface,surface_in_air,1.0,4.718503937007874,9.437007874015748,3.35752470746961,legacy_vortex_inner_hwhm_radius,,,2.999782400452107,5.999564800904214,4.718503937007874,9.437007874015748,2.669901197765732,4.627960067744354,0.0007758727204187673,0.00016764896608041047,2.7337500000000006,2.7337500000000006,2.7337500000000006,1.0,,,,,,,,,True,bl_asm,0.2,0.2,0.2,1.0,1.0,,,,,140.26836620554326,5.403960588670156,145.6723267942134,False,113.33333333333334,25.971256962843594,139.30459029617694,False,120.0,25.971256962843594,145.9712569628436,False,173.33333333333334,25.971256962843594,199.30459029617694,False,0.5,0.5,0.15,0.5643504218272344,0.12765957446808518,0.0,strict_intersection_peak_power_radius,113.33333333333334,25.971256962843594,139.30459029617694,False,140.26836620554326,5.403960588670156,145.6723267942134,False,axial_peak_fwhm,2.0976232444739766,2.0976232444739766,0.5364472974481381,0.2557405381835686,2.7337500000000003e-06,,,0.0,0.0,0.0,oat_sensitivity,target_core_diameter_um_6p0,ideal,air,,79.30459029617694,zone_center,0.45,8,0.93,20,2.0,True,marginal,downsampled,2,1024,16.0,16.384,7.506332380696172,31.25,pass,0.25122070312500006,15.599138710174733,31.198277420349466,pass,6.666666666666655,600.0,2.6,pass,6106108.170242552,0.042642050145784205,pass,"Total propagated-power drift; pass<=0.05, marginal<=0.20, fail>0.20. SAS clipping is reported separately by sas_retained_power_fraction_*.",1.0,True,,30.000000000000004,39.18826594914503,22.50000000000006,0.2,pass,general,target_core_diameter_um,6.0,0.36609457793299,0.36609457793299,target_matched_inverse_design,0.008071063517253126,inverse_design_feasibility,false,true,validated_under_phase1_power_gate,true,HDR-fbfc0c315526,outputs/validation/phase1_reconciliation/phase1r_convergence_manifest.json
3,8.0,equivalent_l0_first_zero_diameter,8.0,4.0,8.0,6.987424434445786,13.974848868891572,150.0,0.08332873268102757,0.008071063517253126,compute_design_from_targets:w0_sample/beam_radius_on_slm,0.00738502311828661,601250.0,beam_to_surface,surface_in_air,1.0,4.919291338582678,9.838582677165356,3.555258604699085,legacy_vortex_inner_hwhm_radius,,,3.9997098672694764,7.999419734538953,4.919291338582678,9.838582677165356,2.7092361078728637,2.4685922230701456,4.290840629944076e-06,1.7381731133413487e-06,2.7337500000000006,2.7337500000000006,2.7337500000000006,1.0,,,,,,,,,True,bl_asm,0.2,0.2,0.2,1.0,1.0,,,,,137.21378826301532,-6.759084619818695,130.4547036431966,False,33.33333333333329,23.070808943639758,56.404142276973054,False,100.0,16.404142276973054,116.40414227697305,False,33.33333333333329,23.070808943639758,56.404142276973054,False,0.5,0.5,0.15,0.772699979452549,0.1224489795918368,0.0,strict_intersection_peak_power_radius,33.33333333333329,23.070808943639758,56.404142276973054,False,137.21378826301532,-6.759084619818695,130.4547036431966,False,axial_peak_fwhm,1.9816088642067133,1.9816088642067133,0.5352642911568101,0.2701160157411233,2.7337500000000003e-06,,,0.0,0.0,0.0,oat_sensitivity,target_core_diameter_um_8p0,ideal,air,,63.07080894363977,zone_center,0.45,8,0.93,20,2.0,False,marginal,downsampled,2,1024,16.0,16.384,6.956686964141597,31.25,pass,0.25122070312500006,20.79885161356631,41.59770322713263,pass,6.666666666666655,600.0,2.6,pass,6106108.170242552,0.05278357481862712,marginal,"Total propagated-power drift; pass<=0.05, marginal<=0.20, fail>0.20. SAS clipping is reported separately by sas_retained_power_fraction_*.",1.0,True,,40.0,52.25102126552671,22.50000000000006,0.2,pass,general,target_core_diameter_um,8.0,0.36609457793299,0.36609457793299,target_matched_inverse_design,0.008071063517253126,inverse_design_feasibility,false,true,invalid_unconverged,false,HDR-ea689bc4f560,outputs/validation/phase1_reconciliation/phase1r_convergence_manifest.json
3,3.0,equivalent_l0_first_zero_diameter,3.0,1.5,3.0,2.6202841629171694,5.240568325834339,50.0,0.19751931574637122,0.008071063517253126,compute_design_from_targets:w0_sample/beam_radius_on_slm,0.006564464994032542,1603333.3333333333,beam_to_surface,surface_in_air,1.0,2.5098425196850394,5.019685039370079,1.7406460948828355,legacy_vortex_inner_hwhm_radius,,,1.4998912002260536,2.999782400452107,2.5098425196850394,5.019685039370079,1.465672855767888,6.466629115497098,0.001444394250991774,0.00022336123275267525,2.7337500000000006,2.7337500000000006,2.7337500000000006,1.0,,,,,,,,,True,bl_asm,0.2,0.2,0.2,1.0,1.0,,,,,42.71485655151021,4.834869310102714,47.54972586161292,False,33.33333333333335,13.976988464944462,47.31032179827781,False,33.33333333333335,13.976988464944462,47.31032179827781,False,73.33333333333334,13.976988464944462,87.31032179827781,False,0.5,0.5,0.15,0.5187314723767902,0.08000000000000015,0.0,strict_intersection_peak_power_radius,33.33333333333335,13.976988464944462,47.31032179827781,False,42.71485655151021,4.834869310102714,47.54972586161292,False,axial_peak_fwhm,6.570172553607571,6.570172553607571,1.9934684431047605,0.3034118855843718,2.7337500000000003e-06,,,0.0,0.0,0.0,oat_sensitivity,target_bessel_length_um_50p0,ideal,air,,27.310321798277812,zone_center,0.45,8,0.93,20,2.0,True,marginal,downsampled,2,1024,16.0,16.384,7.925109840928228,31.25,pass,0.25122070312500006,7.799569355087367,15.599138710174733,pass,6.666666666666655,600.0,2.6,marginal,6106108.170242552,0.766222232404411,fail,"Total propagated-power drift; pass<=0.05, marginal<=0.20, fail>0.20. SAS clipping is reported separately by sas_retained_power_fraction_*.",1.0,True,,15.000000000000002,19.594132974572513,7.50000000000002,0.2,pass,general,target_bessel_length_um,50.0,0.5068919445716359,0.5068919445716359,target_matched_inverse_design,0.008071063517253126,inverse_design_feasibility,false,true,invalid_unconverged,false,HDR-16bf34f0107f,outputs/validation/phase1_reconciliation/phase1r_convergence_manifest.json
3,3.0,equivalent_l0_first_zero_diameter,3.0,1.5,3.0,2.6202841629171694,5.240568325834339,150.0,0.5925391693126465,0.008071063517253126,compute_design_from_targets:w0_sample/beam_radius_on_slm,0.019693394982097625,1603333.3333333333,beam_to_surface,surface_in_air,1.0,2.5098425196850394,5.019685039370079,1.8041707581587265,legacy_vortex_inner_hwhm_radius,,,1.4998912002260536,2.999782400452107,2.5098425196850394,5.019685039370079,1.5044946357839921,22.269161613545528,0.0026737941197613226,0.00012006712089847828,2.7337500000000006,2.7337500000000006,2.7337500000000006,1.0,,,,,,,,,True,bl_asm,0.2,0.2,0.2,1.0,1.0,,,,,116.35681166710425,23.280320816657174,139.63713248376143,False,106.66666666666664,28.52851528498449,135.19518195165114,False,106.66666666666664,28.52851528498449,135.19518195165114,False,266.6666666666666,15.195181951651168,281.86184861831777,False,0.5,0.5,0.15,0.5449828114083398,0.0,0.0,strict_intersection_peak_power_radius,106.66666666666664,28.52851528498449,135.19518195165114,False,116.35681166710425,23.280320816657174,139.63713248376143,False,axial_peak_fwhm,2.6356828550879867,2.6356828550879867,1.1320471208036484,0.4295080945032203,2.7337500000000003e-06,,,0.0,0.0,0.0,oat_sensitivity,target_bessel_length_um_150p0,ideal,air,,81.86184861831784,zone_center,0.45,8,0.93,20,2.0,True,marginal,downsampled,2,1024,16.0,16.384,11.275329522784684,31.25,pass,0.25122070312500006,7.799569355087367,15.599138710174733,pass,6.666666666666655,600.0,2.6,pass,6106108.170242552,1.04549912365757,fail,"Total propagated-power drift; pass<=0.05, marginal<=0.20, fail>0.20. SAS clipping is reported separately by sas_retained_power_fraction_*.",1.0,True,,15.000000000000002,19.594132974572513,22.50000000000006,0.2,pass,general,target_bessel_length_um,150.0,0.5068919445716359,0.5068919445716359,target_matched_inverse_design,0.008071063517253126,inverse_design_feasibility,false,true,invalid_unconverged,false,HDR-0bffcf8cdc4c,outputs/validation/phase1_reconciliation/phase1r_convergence_manifest.json
3,3.0,equivalent_l0_first_zero_diameter,3.0,1.5,3.0,2.6202841629171694,5.240568325834339,500.00000000000006,1.9744190701859103,0.008071063517253126,compute_design_from_targets:w0_sample/beam_radius_on_slm,0.06564464994032541,1603333.3333333333,beam_to_surface,surface_in_air,1.0,2.5098425196850394,5.019685039370079,1.7994237300062523,legacy_vortex_inner_hwhm_radius,,,1.4998912002260536,2.999782400452107,2.5098425196850394,5.019685039370079,1.500292532765421,83.50277574552189,0.4257313695694789,0.005098409792590759,2.7337500000000006,2.7337500000000006,2.7337500000000006,1.0,,,,,,,,,True,bl_asm,0.2,0.2,0.2,1.0,1.0,,,,,210.73814385445417,85.50398173686428,296.2421255913184,False,194.44444444444446,87.28073257311921,281.7251770175637,False,194.44444444444446,87.28073257311921,281.7251770175637,False,277.7777777777778,17.836288128674752,295.6140659064526,False,0.5,0.5,0.15,0.5268757280263318,0.07999999999999999,0.0,strict_intersection_peak_power_radius,194.44444444444446,87.28073257311921,281.7251770175637,False,210.73814385445417,85.50398173686428,296.2421255913184,False,axial_peak_fwhm,2.0399052867493577,2.0399052867493577,0.9945584703052942,0.48755129797724533,2.7337500000000003e-06,,,0.0,0.0,0.0,oat_sensitivity,target_bessel_length_um_500p0,ideal,air,,198.3918436842303,zone_center,0.45,8,0.93,20,2.0,False,marginal,downsampled,2,1024,16.0,16.384,23.001098409282278,31.25,pass,0.25122070312500006,7.799569355087367,15.599138710174733,pass,14.444444444444423,1300.0000000000002,2.6,pass,6106108.170242552,1.9552065922129553,fail,"Total propagated-power drift; pass<=0.05, marginal<=0.20, fail>0.20. SAS clipping is reported separately by sas_retained_power_fraction_*.",1.0,True,,15.000000000000002,19.594132974572513,35.999999999999936,0.2,pass,general,target_bessel_length_um,500.0,0.5068919445716359,0.5068919445716359,target_matched_inverse_design,0.008071063517253126,inverse_design_feasibility,false,true,invalid_unconverged,false,HDR-c5517986dbd7,outputs/validation/phase1_reconciliation/phase1r_convergence_manifest.json
3,3.0,equivalent_l0_first_zero_diameter,3.0,1.5,3.0,2.6202841629171694,5.240568325834339,800.0,3.157122414581327,0.008071063517253126,compute_design_from_targets:w0_sample/beam_radius_on_slm,0.10503143990452067,1603333.3333333333,beam_to_surface,surface_in_air,1.0,2.5098425196850394,5.019685039370079,1.8013802964758452,legacy_vortex_inner_hwhm_radius,,,1.4998912002260536,2.999782400452107,2.5098425196850394,5.019685039370079,1.5009706087253694,113.03986475215412,0.6720012951368283,0.005944816871554355,2.7337500000000006,2.7337500000000006,2.7337500000000006,1.0,,,,,,,,,True,bl_asm,0.2,0.2,0.2,1.0,1.0,,,,,188.87102216807142,114.43629337708079,303.3073155451522,False,155.5555555555556,120.43682382807165,275.9923793836272,False,155.5555555555556,120.43682382807165,275.9923793836272,False,288.88888888888897,9.32571271696056,298.21460160584957,False,0.5,0.5,0.15,0.5513490845365477,0.07999999999999981,0.0,strict_intersection_peak_power_radius,155.5555555555556,120.43682382807165,275.9923793836272,False,188.87102216807142,114.43629337708079,303.3073155451522,False,axial_peak_fwhm,2.0095277125725355,2.0095277125725355,0.8919129618991605,0.4438420810616048,2.7337500000000003e-06,,,0.0,0.0,0.0,oat_sensitivity,target_bessel_length_um_800p0,ideal,air,,209.32571271696054,zone_center,0.45,8,0.93,20,2.0,False,fail,downsampled,2,1024,16.0,16.384,33.05175745485164,31.25,fail,0.25122070312500006,7.799569355087367,15.599138710174733,pass,23.11111111111112,2080.0,2.6,pass,6106108.170242552,3.1009571884656797,fail,"Total propagated-power drift; pass<=0.05, marginal<=0.20, fail>0.20. SAS clipping is reported separately by sas_retained_power_fraction_*.",1.0,True,,15.000000000000002,19.594132974572513,36.000000000000036,0.2,pass,general,target_bessel_length_um,800.0,0.5068919445716359,0.5068919445716359,target_matched_inverse_design,0.008071063517253126,inverse_design_feasibility,false,true,invalid_unconverged,false,HDR-b210d79fec8f,outputs/validation/phase1_reconciliation/phase1r_convergence_manifest.json
3,3.0,equivalent_l0_first_zero_diameter,3.0,1.5,3.0,2.6202841629171694,5.240568325834339,150.0,0.5925391693126465,0.008071063517253126,compute_design_from_targets:w0_sample/beam_radius_on_slm,0.019693394982097625,1603333.3333333333,beam_to_surface,surface_in_air,1.0,2.5098425196850394,5.019685039370079,1.8041707581587265,legacy_vortex_inner_hwhm_radius,,,1.4998912002260536,2.999782400452107,2.5098425196850394,5.019685039370079,1.5044946357839921,22.269161613545528,0.0026737941197613226,0.00012006712089847828,2.7337500000000006,2.7337500000000006,2.7337500000000006,1.0,,,,,,,,,True,bl_asm,0.2,0.2,0.2,1.0,1.0,,,,,116.35681166710425,23.280320816657174,139.63713248376143,False,106.66666666666664,28.52851528498449,135.19518195165114,False,106.66666666666664,28.52851528498449,135.19518195165114,False,266.6666666666666,15.195181951651168,281.86184861831777,False,0.5,0.5,0.15,0.5449828114083398,0.0,0.0,strict_intersection_peak_power_radius,106.66666666666664,28.52851528498449,135.19518195165114,False,116.35681166710425,23.280320816657174,139.63713248376143,False,axial_peak_fwhm,2.6356828550879867,2.6356828550879867,1.1320471208036484,0.4295080945032203,2.7337500000000003e-06,,,0.0,0.0,0.0,oat_sensitivity,objective_NA_0p3,ideal,air,,81.86184861831784,zone_center,0.3,8,0.93,20,2.0,True,marginal,downsampled,2,1024,16.0,16.384,11.275329522784684,31.25,pass,0.25122070312500006,7.799569355087367,15.599138710174733,pass,6.666666666666655,600.0,2.6,pass,6106108.170242552,1.04549912365757,fail,"Total propagated-power drift; pass<=0.05, marginal<=0.20, fail>0.20. SAS clipping is reported separately by sas_retained_power_fraction_*.",1.0,True,,15.000000000000002,19.594132974572513,22.50000000000006,0.2,pass,general,objective_NA,0.3,1.0031868090149106e-17,1.0031868090149106e-17,target_matched_inverse_design,0.008071063517253126,inverse_design_feasibility,false,true,invalid_unconverged,false,HDR-0bffcf8cdc4c,outputs/validation/phase1_reconciliation/phase1r_convergence_manifest.json
3,3.0,equivalent_l0_first_zero_diameter,3.0,1.5,3.0,2.6202841629171694,5.240568325834339,150.0,0.5925391693126465,0.008071063517253126,compute_design_from_targets:w0_sample/beam_radius_on_slm,0.019693394982097625,1603333.3333333333,beam_to_surface,surface_in_air,1.0,2.5098425196850394,5.019685039370079,1.8041707581587265,legacy_vortex_inner_hwhm_radius,,,1.4998912002260536,2.999782400452107,2.5098425196850394,5.019685039370079,1.5044946357839921,22.269161613545528,0.0026737941197613226,0.00012006712089847828,2.7337500000000006,2.7337500000000006,2.7337500000000006,1.0,,,,,,,,,True,bl_asm,0.2,0.2,0.2,1.0,1.0,,,,,116.35681166710425,23.280320816657174,139.63713248376143,False,106.66666666666664,28.52851528498449,135.19518195165114,False,106.66666666666664,28.52851528498449,135.19518195165114,False,266.6666666666666,15.195181951651168,281.86184861831777,False,0.5,0.5,0.15,0.5449828114083398,0.0,0.0,strict_intersection_peak_power_radius,106.66666666666664,28.52851528498449,135.19518195165114,False,116.35681166710425,23.280320816657174,139.63713248376143,False,axial_peak_fwhm,2.6356828550879867,2.6356828550879867,1.1320471208036484,0.4295080945032203,2.7337500000000003e-06,,,0.0,0.0,0.0,oat_sensitivity,objective_NA_0p45,ideal,air,,81.86184861831784,zone_center,0.45,8,0.93,20,2.0,True,marginal,downsampled,2,1024,16.0,16.384,11.275329522784684,31.25,pass,0.25122070312500006,7.799569355087367,15.599138710174733,pass,6.666666666666655,600.0,2.6,pass,6106108.170242552,1.04549912365757,fail,"Total propagated-power drift; pass<=0.05, marginal<=0.20, fail>0.20. SAS clipping is reported separately by sas_retained_power_fraction_*.",1.0,True,,15.000000000000002,19.594132974572513,22.50000000000006,0.2,pass,general,objective_NA,0.45,1.0031868090149106e-17,1.0031868090149106e-17,target_matched_inverse_design,0.008071063517253126,inverse_design_feasibility,false,true,invalid_unconverged,false,HDR-0bffcf8cdc4c,outputs/validation/phase1_reconciliation/phase1r_convergence_manifest.json
3,3.0,equivalent_l0_first_zero_diameter,3.0,1.5,3.0,2.6202841629171694,5.240568325834339,150.0,0.5925391693126465,0.008071063517253126,compute_design_from_targets:w0_sample/beam_radius_on_slm,0.019693394982097625,1603333.3333333333,beam_to_surface,surface_in_air,1.0,2.5098425196850394,5.019685039370079,1.8041707581587265,legacy_vortex_inner_hwhm_radius,,,1.4998912002260536,2.999782400452107,2.5098425196850394,5.019685039370079,1.5044946357839921,22.269161613545528,0.0026737941197613226,0.00012006712089847828,2.7337500000000006,2.7337500000000006,2.7337500000000006,1.0,,,,,,,,,True,bl_asm,0.2,0.2,0.2,1.0,1.0,,,,,116.35681166710425,23.280320816657174,139.63713248376143,False,106.66666666666664,28.52851528498449,135.19518195165114,False,106.66666666666664,28.52851528498449,135.19518195165114,False,266.6666666666666,15.195181951651168,281.86184861831777,False,0.5,0.5,0.15,0.5449828114083398,0.0,0.0,strict_intersection_peak_power_radius,106.66666666666664,28.52851528498449,135.19518195165114,False,116.35681166710425,23.280320816657174,139.63713248376143,False,axial_peak_fwhm,2.6356828550879867,2.6356828550879867,1.1320471208036484,0.4295080945032203,2.7337500000000003e-06,,,0.0,0.0,0.0,oat_sensitivity,objective_NA_0p65,ideal,air,,81.86184861831784,zone_center,0.65,8,0.93,20,2.0,True,marginal,downsampled,2,1024,16.0,16.384,11.275329522784684,31.25,pass,0.25122070312500006,7.799569355087367,15.599138710174733,pass,6.666666666666655,600.0,2.6,pass,6106108.170242552,1.04549912365757,fail,"Total propagated-power drift; pass<=0.05, marginal<=0.20, fail>0.20. SAS clipping is reported separately by sas_retained_power_fraction_*.",1.0,True,,15.000000000000002,19.594132974572513,22.50000000000006,0.2,pass,general,objective_NA,0.65,1.0031868090149106e-17,1.0031868090149106e-17,target_matched_inverse_design,0.008071063517253126,inverse_design_feasibility,false,true,invalid_unconverged,false,HDR-0bffcf8cdc4c,outputs/validation/phase1_reconciliation/phase1r_convergence_manifest.json
3,3.0,equivalent_l0_first_zero_diameter,3.0,1.5,3.0,2.6202841629171694,5.240568325834339,150.0,0.5925391693126465,0.008071063517253126,compute_design_from_targets:w0_sample/beam_radius_on_slm,0.019693394982097625,1603333.3333333333,beam_to_surface,surface_in_air,1.0,1.8849057911287974,3.769811582257595,1.210015307151545,legacy_vortex_inner_hwhm_radius,,,1.4998912002260536,2.999782400452107,1.8849057911287974,3.769811582257595,1.198629869907504,50964.47968188373,4.657404176516046,9.138529826238188e-05,2.7337500000000006,2.7337500000000006,2.7337500000000006,0.732116143854814,6.250000000000001,2.5,5.147399835284684,5.147399835284684,5.025329522784684,1.28173828125,0.8544921875,5.041208327821341,True,bl_asm,0.25122070312500006,0.25122070312500006,0.25122070312500006,1.0,1.0,,,,,28.755055250124023,-72.861430838103,-44.10637558797899,False,13.333333333333297,-60.743914836979,-47.4105815036457,False,13.333333333333297,-60.743914836979,-47.4105815036457,False,46.66666666666665,-60.743914836979,-14.077248170312352,False,0.5,0.5,0.15,0.6500141400459505,0.13333333333333333,0.0,strict_intersection_peak_power_radius,13.333333333333297,-60.743914836979,-47.4105815036457,False,28.755055250124023,-72.861430838103,-44.10637558797899,False,axial_peak_fwhm,5.117991878103289,5.117991878103289,1.5821527354542104,0.3091354525635846,2.73375e-06,,,0.0,0.0,0.0,oat_sensitivity,write_depth_um_50p0,realistic,air,,-60.743914836978995,zone_center,0.45,8,0.93,20,2.0,True,marginal,downsampled,2,1024,16.0,16.384,11.275329522784684,31.25,pass,0.25122070312500006,7.799569355087367,15.599138710174733,pass,6.666666666666655,600.0,2.6,pass,6106108.170242552,0.17734085914969838,marginal,"Total propagated-power drift; pass<=0.05, marginal<=0.20, fail>0.20. SAS clipping is reported separately by sas_retained_power_fraction_*.",1.0,True,,11.941690962099123,15.599138710174733,22.50000000000006,0.25122070312500006,pass,general,write_depth_um,50.0,-9.17402094946518e-17,-9.17402094946518e-17,target_matched_inverse_design,0.008071063517253126,inverse_design_feasibility,false,true,invalid_unconverged,false,HDR-55a51993c70b,outputs/validation/phase1_reconciliation/phase1r_convergence_manifest.json
3,3.0,equivalent_l0_first_zero_diameter,3.0,1.5,3.0,2.6202841629171694,5.240568325834339,150.0,0.5925391693126465,0.008071063517253126,compute_design_from_targets:w0_sample/beam_radius_on_slm,0.019693394982097625,1603333.3333333333,beam_to_surface,surface_in_air,1.0,1.8849057911287974,3.769811582257595,1.210015307151545,legacy_vortex_inner_hwhm_radius,,,1.4998912002260536,2.999782400452107,1.8849057911287974,3.769811582257595,1.198629869907504,50964.47968188373,4.657404176516046,9.138529826238188e-05,2.7337500000000006,2.7337500000000006,2.7337500000000006,0.732116143854814,6.250000000000001,2.5,5.147399835284684,5.147399835284684,5.025329522784684,1.28173828125,0.8544921875,5.041208327821341,True,bl_asm,0.25122070312500006,0.25122070312500006,0.25122070312500006,1.0,1.0,,,,,28.755055250124023,-72.861430838103,-44.10637558797899,False,13.333333333333297,-60.743914836979,-47.4105815036457,False,13.333333333333297,-60.743914836979,-47.4105815036457,False,46.66666666666665,-60.743914836979,-14.077248170312352,False,0.5,0.5,0.15,0.6500141400459505,0.13333333333333333,0.0,strict_intersection_peak_power_radius,13.333333333333297,-60.743914836979,-47.4105815036457,False,28.755055250124023,-72.861430838103,-44.10637558797899,False,axial_peak_fwhm,5.117991878103289,5.117991878103289,1.5821527354542104,0.3091354525635846,2.73375e-06,,,0.0,0.0,0.0,oat_sensitivity,write_depth_um_300p0,realistic,air,,-60.743914836978995,zone_center,0.45,8,0.93,20,2.0,True,marginal,downsampled,2,1024,16.0,16.384,11.275329522784684,31.25,pass,0.25122070312500006,7.799569355087367,15.599138710174733,pass,6.666666666666655,600.0,2.6,pass,6106108.170242552,0.17734085914969838,marginal,"Total propagated-power drift; pass<=0.05, marginal<=0.20, fail>0.20. SAS clipping is reported separately by sas_retained_power_fraction_*.",1.0,True,,11.941690962099123,15.599138710174733,22.50000000000006,0.25122070312500006,pass,general,write_depth_um,300.0,-9.17402094946518e-17,-9.17402094946518e-17,target_matched_inverse_design,0.008071063517253126,inverse_design_feasibility,false,true,invalid_unconverged,false,HDR-55a51993c70b,outputs/validation/phase1_reconciliation/phase1r_convergence_manifest.json
3,3.0,equivalent_l0_first_zero_diameter,3.0,1.5,3.0,2.6202841629171694,5.240568325834339,150.0,0.5925391693126465,0.008071063517253126,compute_design_from_targets:w0_sample/beam_radius_on_slm,0.019693394982097625,1603333.3333333333,beam_to_surface,surface_in_air,1.0,1.8849057911287974,3.769811582257595,1.210015307151545,legacy_vortex_inner_hwhm_radius,,,1.4998912002260536,2.999782400452107,1.8849057911287974,3.769811582257595,1.198629869907504,50964.47968188373,4.657404176516046,9.138529826238188e-05,2.7337500000000006,2.7337500000000006,2.7337500000000006,0.732116143854814,6.250000000000001,2.5,5.147399835284684,5.147399835284684,5.025329522784684,1.28173828125,0.8544921875,5.041208327821341,True,bl_asm,0.25122070312500006,0.25122070312500006,0.25122070312500006,1.0,1.0,,,,,28.755055250124023,-72.861430838103,-44.10637558797899,False,13.333333333333297,-60.743914836979,-47.4105815036457,False,13.333333333333297,-60.743914836979,-47.4105815036457,False,46.66666666666665,-60.743914836979,-14.077248170312352,False,0.5,0.5,0.15,0.6500141400459505,0.13333333333333333,0.0,strict_intersection_peak_power_radius,13.333333333333297,-60.743914836979,-47.4105815036457,False,28.755055250124023,-72.861430838103,-44.10637558797899,False,axial_peak_fwhm,5.117991878103289,5.117991878103289,1.5821527354542104,0.3091354525635846,2.73375e-06,,,0.0,0.0,0.0,oat_sensitivity,write_depth_um_1000p0,realistic,air,,-60.743914836978995,zone_center,0.45,8,0.93,20,2.0,False,marginal,downsampled,2,1024,16.0,16.384,11.275329522784684,31.25,pass,0.25122070312500006,7.799569355087367,15.599138710174733,pass,6.666666666666655,600.0,2.6,pass,6106108.170242552,0.17734085914969838,marginal,"Total propagated-power drift; pass<=0.05, marginal<=0.20, fail>0.20. SAS clipping is reported separately by sas_retained_power_fraction_*.",1.0,True,,11.941690962099123,15.599138710174733,22.50000000000006,0.25122070312500006,pass,general,write_depth_um,1000.0,-9.17402094946518e-17,-9.17402094946518e-17,target_matched_inverse_design,0.008071063517253126,inverse_design_feasibility,false,true,invalid_unconverged,false,HDR-55a51993c70b,outputs/validation/phase1_reconciliation/phase1r_convergence_manifest.json
3,3.0,equivalent_l0_first_zero_diameter,3.0,1.5,3.0,2.6202841629171694,5.240568325834339,150.0,0.5925391693126465,0.008071063517253126,compute_design_from_targets:w0_sample/beam_radius_on_slm,0.019693394982097625,1603333.3333333333,beam_to_surface,surface_in_air,1.0,2.5098425196850394,5.019685039370079,1.8041707581587265,legacy_vortex_inner_hwhm_radius,,,1.4998912002260536,2.999782400452107,2.5098425196850394,5.019685039370079,1.5044946357839921,22.269161613545528,0.0026737941197613226,0.00012006712089847828,1.0935000000000001,1.0935000000000001,1.0935000000000001,1.0,,,,,,,,,True,bl_asm,0.2,0.2,0.2,1.0,1.0,,,,,116.35681166710425,23.280320816657174,139.63713248376143,False,106.66666666666664,28.52851528498449,135.19518195165114,False,106.66666666666664,28.52851528498449,135.19518195165114,False,266.6666666666666,15.195181951651168,281.86184861831777,False,0.5,0.5,0.15,0.5449828114083398,0.0,0.0,strict_intersection_peak_power_radius,106.66666666666664,28.52851528498449,135.19518195165114,False,116.35681166710425,23.280320816657174,139.63713248376143,False,axial_peak_fwhm,1.0542731420351947,1.0542731420351947,0.45281884832145924,0.42950809450322014,1.0934999999999998e-06,,,0.0,0.0,0.0,oat_sensitivity,pulse_energy_in_uJ_4p0,ideal,air,,81.86184861831784,zone_center,0.45,8,0.93,20,2.0,True,marginal,downsampled,2,1024,16.0,16.384,11.275329522784684,31.25,pass,0.25122070312500006,7.799569355087367,15.599138710174733,pass,6.666666666666655,600.0,2.6,pass,6106108.170242552,1.04549912365757,fail,"Total propagated-power drift; pass<=0.05, marginal<=0.20, fail>0.20. SAS clipping is reported separately by sas_retained_power_fraction_*.",1.0,True,,15.000000000000002,19.594132974572513,22.50000000000006,0.2,pass,general,pulse_energy_in_uJ,4.0,-4.663703341997251e-17,-4.663703341997251e-17,target_matched_inverse_design,0.008071063517253126,inverse_design_feasibility,false,true,invalid_unconverged,false,HDR-0bffcf8cdc4c,outputs/validation/phase1_reconciliation/phase1r_convergence_manifest.json
3,3.0,equivalent_l0_first_zero_diameter,3.0,1.5,3.0,2.6202841629171694,5.240568325834339,150.0,0.5925391693126465,0.008071063517253126,compute_design_from_targets:w0_sample/beam_radius_on_slm,0.019693394982097625,1603333.3333333333,beam_to_surface,surface_in_air,1.0,2.5098425196850394,5.019685039370079,1.8041707581587265,legacy_vortex_inner_hwhm_radius,,,1.4998912002260536,2.999782400452107,2.5098425196850394,5.019685039370079,1.5044946357839921,22.269161613545528,0.0026737941197613226,0.00012006712089847828,5.467500000000001,5.467500000000001,5.467500000000001,1.0,,,,,,,,,True,bl_asm,0.2,0.2,0.2,1.0,1.0,,,,,116.35681166710425,23.280320816657174,139.63713248376143,False,106.66666666666664,28.52851528498449,135.19518195165114,False,106.66666666666664,28.52851528498449,135.19518195165114,False,266.6666666666666,15.195181951651168,281.86184861831777,False,0.5,0.5,0.15,0.5449828114083398,0.0,0.0,strict_intersection_peak_power_radius,106.66666666666664,28.52851528498449,135.19518195165114,False,116.35681166710425,23.280320816657174,139.63713248376143,False,axial_peak_fwhm,5.271365710175973,5.271365710175973,2.264094241607297,0.4295080945032203,5.467500000000001e-06,,,0.0,0.0,0.0,oat_sensitivity,pulse_energy_in_uJ_20p0,ideal,air,,81.86184861831784,zone_center,0.45,8,0.93,20,2.0,True,marginal,downsampled,2,1024,16.0,16.384,11.275329522784684,31.25,pass,0.25122070312500006,7.799569355087367,15.599138710174733,pass,6.666666666666655,600.0,2.6,pass,6106108.170242552,1.04549912365757,fail,"Total propagated-power drift; pass<=0.05, marginal<=0.20, fail>0.20. SAS clipping is reported separately by sas_retained_power_fraction_*.",1.0,True,,15.000000000000002,19.594132974572513,22.50000000000006,0.2,pass,general,pulse_energy_in_uJ,20.0,-4.663703341997251e-17,-4.663703341997251e-17,target_matched_inverse_design,0.008071063517253126,inverse_design_feasibility,false,true,invalid_unconverged,false,HDR-0bffcf8cdc4c,outputs/validation/phase1_reconciliation/phase1r_convergence_manifest.json
3,3.0,equivalent_l0_first_zero_diameter,3.0,1.5,3.0,2.6202841629171694,5.240568325834339,150.0,0.5925391693126465,0.008071063517253126,compute_design_from_targets:w0_sample/beam_radius_on_slm,0.019693394982097625,1603333.3333333333,beam_to_surface,surface_in_air,1.0,2.5098425196850394,5.019685039370079,1.8041707581587265,legacy_vortex_inner_hwhm_radius,,,1.4998912002260536,2.999782400452107,2.5098425196850394,5.019685039370079,1.5044946357839921,22.269161613545528,0.0026737941197613226,0.00012006712089847828,21.870000000000005,21.870000000000005,21.870000000000005,1.0,,,,,,,,,True,bl_asm,0.2,0.2,0.2,1.0,1.0,,,,,116.35681166710425,23.280320816657174,139.63713248376143,False,106.66666666666664,28.52851528498449,135.19518195165114,False,106.66666666666664,28.52851528498449,135.19518195165114,False,266.6666666666666,15.195181951651168,281.86184861831777,False,0.5,0.5,0.15,0.5449828114083398,0.0,0.0,strict_intersection_peak_power_radius,106.66666666666664,28.52851528498449,135.19518195165114,False,116.35681166710425,23.280320816657174,139.63713248376143,False,axial_peak_fwhm,21.085462840703894,21.085462840703894,9.056376966429188,0.4295080945032203,2.1870000000000002e-05,,,0.0,0.0,0.0,oat_sensitivity,pulse_energy_in_uJ_80p0,ideal,air,,81.86184861831784,zone_center,0.45,8,0.93,20,2.0,True,marginal,downsampled,2,1024,16.0,16.384,11.275329522784684,31.25,pass,0.25122070312500006,7.799569355087367,15.599138710174733,pass,6.666666666666655,600.0,2.6,pass,6106108.170242552,1.04549912365757,fail,"Total propagated-power drift; pass<=0.05, marginal<=0.20, fail>0.20. SAS clipping is reported separately by sas_retained_power_fraction_*.",1.0,True,,15.000000000000002,19.594132974572513,22.50000000000006,0.2,pass,general,pulse_energy_in_uJ,80.0,-4.663703341997251e-17,-4.663703341997251e-17,target_matched_inverse_design,0.008071063517253126,inverse_design_feasibility,false,true,invalid_unconverged,false,HDR-0bffcf8cdc4c,outputs/validation/phase1_reconciliation/phase1r_convergence_manifest.json
3,3.0,equivalent_l0_first_zero_diameter,3.0,1.5,3.0,2.6202841629171694,5.240568325834339,150.0,0.5925391693126465,0.008071063517253126,compute_design_from_targets:w0_sample/beam_radius_on_slm,0.019693394982097625,1603333.3333333333,beam_to_surface,surface_in_air,1.0,2.5098425196850394,5.019685039370079,1.8041707581587265,legacy_vortex_inner_hwhm_radius,,,1.4998912002260536,2.999782400452107,2.5098425196850394,5.019685039370079,1.5044946357839921,22.269161613545528,0.0026737941197613226,0.00012006712089847828,2.7337500000000006,2.7337500000000006,2.7337500000000006,1.0,,,,,,,,,True,bl_asm,0.2,0.2,0.2,1.0,1.0,,,,,116.35681166710425,23.280320816657174,139.63713248376143,False,106.66666666666664,28.52851528498449,135.19518195165114,False,106.66666666666664,28.52851528498449,135.19518195165114,False,266.6666666666666,15.195181951651168,281.86184861831777,False,0.5,0.5,0.15,0.5449828114083398,0.0,0.0,strict_intersection_peak_power_radius,106.66666666666664,28.52851528498449,135.19518195165114,False,116.35681166710425,23.280320816657174,139.63713248376143,False,axial_peak_fwhm,2.6356828550879867,2.6356828550879867,1.1320471208036484,0.4295080945032203,2.7337500000000003e-06,,,0.0,0.0,0.0,oat_sensitivity,rep_rate_kHz_100p0,ideal,air,,81.86184861831784,zone_center,0.45,8,0.93,20,2.0,True,marginal,downsampled,2,1024,16.0,16.384,11.275329522784684,31.25,pass,0.25122070312500006,7.799569355087367,15.599138710174733,pass,6.666666666666655,600.0,2.6,pass,6106108.170242552,1.04549912365757,fail,"Total propagated-power drift; pass<=0.05, marginal<=0.20, fail>0.20. SAS clipping is reported separately by sas_retained_power_fraction_*.",1.0,True,,15.000000000000002,19.594132974572513,22.50000000000006,0.2,pass,general,rep_rate_kHz,100.0,4.178655161093755e-16,4.178655161093755e-16,target_matched_inverse_design,0.008071063517253126,inverse_design_feasibility,false,true,invalid_unconverged,false,HDR-0bffcf8cdc4c,outputs/validation/phase1_reconciliation/phase1r_convergence_manifest.json
3,3.0,equivalent_l0_first_zero_diameter,3.0,1.5,3.0,2.6202841629171694,5.240568325834339,150.0,0.5925391693126465,0.008071063517253126,compute_design_from_targets:w0_sample/beam_radius_on_slm,0.019693394982097625,1603333.3333333333,beam_to_surface,surface_in_air,1.0,2.5098425196850394,5.019685039370079,1.8041707581587265,legacy_vortex_inner_hwhm_radius,,,1.4998912002260536,2.999782400452107,2.5098425196850394,5.019685039370079,1.5044946357839921,22.269161613545528,0.0026737941197613226,0.00012006712089847828,2.7337500000000006,2.7337500000000006,2.7337500000000006,1.0,,,,,,,,,True,bl_asm,0.2,0.2,0.2,1.0,1.0,,,,,116.35681166710425,23.280320816657174,139.63713248376143,False,106.66666666666664,28.52851528498449,135.19518195165114,False,106.66666666666664,28.52851528498449,135.19518195165114,False,266.6666666666666,15.195181951651168,281.86184861831777,False,0.5,0.5,0.15,0.5449828114083398,0.0,0.0,strict_intersection_peak_power_radius,106.66666666666664,28.52851528498449,135.19518195165114,False,116.35681166710425,23.280320816657174,139.63713248376143,False,axial_peak_fwhm,2.6356828550879867,2.6356828550879867,1.1320471208036484,0.4295080945032203,2.7337500000000003e-06,,,0.0,0.0,0.0,oat_sensitivity,rep_rate_kHz_200p0,ideal,air,,81.86184861831784,zone_center,0.45,8,0.93,20,2.0,True,marginal,downsampled,2,1024,16.0,16.384,11.275329522784684,31.25,pass,0.25122070312500006,7.799569355087367,15.599138710174733,pass,6.666666666666655,600.0,2.6,pass,6106108.170242552,1.04549912365757,fail,"Total propagated-power drift; pass<=0.05, marginal<=0.20, fail>0.20. SAS clipping is reported separately by sas_retained_power_fraction_*.",1.0,True,,15.000000000000002,19.594132974572513,22.50000000000006,0.2,pass,general,rep_rate_kHz,200.0,4.178655161093755e-16,4.178655161093755e-16,target_matched_inverse_design,0.008071063517253126,inverse_design_feasibility,false,true,invalid_unconverged,false,HDR-0bffcf8cdc4c,outputs/validation/phase1_reconciliation/phase1r_convergence_manifest.json
3,3.0,equivalent_l0_first_zero_diameter,3.0,1.5,3.0,2.6202841629171694,5.240568325834339,150.0,0.5925391693126465,0.008071063517253126,compute_design_from_targets:w0_sample/beam_radius_on_slm,0.019693394982097625,1603333.3333333333,beam_to_surface,surface_in_air,1.0,2.5098425196850394,5.019685039370079,1.8041707581587265,legacy_vortex_inner_hwhm_radius,,,1.4998912002260536,2.999782400452107,2.5098425196850394,5.019685039370079,1.5044946357839921,22.269161613545528,0.0026737941197613226,0.00012006712089847828,2.7337500000000006,2.7337500000000006,2.7337500000000006,1.0,,,,,,,,,True,bl_asm,0.2,0.2,0.2,1.0,1.0,,,,,116.35681166710425,23.280320816657174,139.63713248376143,False,106.66666666666664,28.52851528498449,135.19518195165114,False,106.66666666666664,28.52851528498449,135.19518195165114,False,266.6666666666666,15.195181951651168,281.86184861831777,False,0.5,0.5,0.15,0.5449828114083398,0.0,0.0,strict_intersection_peak_power_radius,106.66666666666664,28.52851528498449,135.19518195165114,False,116.35681166710425,23.280320816657174,139.63713248376143,False,axial_peak_fwhm,2.6356828550879867,2.6356828550879867,1.1320471208036484,0.4295080945032203,2.7337500000000003e-06,,,0.0,0.0,0.0,oat_sensitivity,rep_rate_kHz_1000p0,ideal,air,,81.86184861831784,zone_center,0.45,8,0.93,20,2.0,True,marginal,downsampled,2,1024,16.0,16.384,11.275329522784684,31.25,pass,0.25122070312500006,7.799569355087367,15.599138710174733,pass,6.666666666666655,600.0,2.6,pass,6106108.170242552,1.04549912365757,fail,"Total propagated-power drift; pass<=0.05, marginal<=0.20, fail>0.20. SAS clipping is reported separately by sas_retained_power_fraction_*.",1.0,True,,15.000000000000002,19.594132974572513,22.50000000000006,0.2,pass,general,rep_rate_kHz,1000.0,4.178655161093755e-16,4.178655161093755e-16,target_matched_inverse_design,0.008071063517253126,inverse_design_feasibility,false,true,invalid_unconverged,false,HDR-0bffcf8cdc4c,outputs/validation/phase1_reconciliation/phase1r_convergence_manifest.json
3,3.0,equivalent_l0_first_zero_diameter,3.0,1.5,3.0,2.6202841629171694,5.240568325834339,150.0,0.5925391693126465,0.008071063517253126,compute_design_from_targets:w0_sample/beam_radius_on_slm,0.019693394982097625,1603333.3333333333,beam_to_surface,surface_in_air,1.0,2.5098425196850394,5.019685039370079,1.8041707581587265,legacy_vortex_inner_hwhm_radius,,,1.4998912002260536,2.999782400452107,2.5098425196850394,5.019685039370079,1.5044946357839921,22.269161613545528,0.0026737941197613226,0.00012006712089847828,2.7337500000000006,2.7337500000000006,2.7337500000000006,1.0,,,,,,,,,True,bl_asm,0.2,0.2,0.2,1.0,1.0,,,,,116.35681166710425,23.280320816657174,139.63713248376143,False,106.66666666666664,28.52851528498449,135.19518195165114,False,106.66666666666664,28.52851528498449,135.19518195165114,False,266.6666666666666,15.195181951651168,281.86184861831777,False,0.5,0.5,0.15,0.5449828114083398,0.0,0.0,strict_intersection_peak_power_radius,106.66666666666664,28.52851528498449,135.19518195165114,False,116.35681166710425,23.280320816657174,139.63713248376143,False,axial_peak_fwhm,2.6356828550879867,2.6356828550879867,1.1320471208036484,0.4295080945032203,2.7337500000000003e-06,,,0.0,0.0,0.0,oat_sensitivity,scan_speed_mm_s_0p1,ideal,air,,81.86184861831784,zone_center,0.45,8,0.93,20,2.0,True,marginal,downsampled,2,1024,16.0,16.384,11.275329522784684,31.25,pass,0.25122070312500006,7.799569355087367,15.599138710174733,pass,6.666666666666655,600.0,2.6,pass,6106108.170242552,1.04549912365757,fail,"Total propagated-power drift; pass<=0.05, marginal<=0.20, fail>0.20. SAS clipping is reported separately by sas_retained_power_fraction_*.",1.0,True,,15.000000000000002,19.594132974572513,22.50000000000006,0.2,pass,general,scan_speed_mm_s,0.1,1.0171232947678164e-16,1.0171232947678164e-16,target_matched_inverse_design,0.008071063517253126,inverse_design_feasibility,false,true,invalid_unconverged,false,HDR-0bffcf8cdc4c,outputs/validation/phase1_reconciliation/phase1r_convergence_manifest.json
3,3.0,equivalent_l0_first_zero_diameter,3.0,1.5,3.0,2.6202841629171694,5.240568325834339,150.0,0.5925391693126465,0.008071063517253126,compute_design_from_targets:w0_sample/beam_radius_on_slm,0.019693394982097625,1603333.3333333333,beam_to_surface,surface_in_air,1.0,2.5098425196850394,5.019685039370079,1.8041707581587265,legacy_vortex_inner_hwhm_radius,,,1.4998912002260536,2.999782400452107,2.5098425196850394,5.019685039370079,1.5044946357839921,22.269161613545528,0.0026737941197613226,0.00012006712089847828,2.7337500000000006,2.7337500000000006,2.7337500000000006,1.0,,,,,,,,,True,bl_asm,0.2,0.2,0.2,1.0,1.0,,,,,116.35681166710425,23.280320816657174,139.63713248376143,False,106.66666666666664,28.52851528498449,135.19518195165114,False,106.66666666666664,28.52851528498449,135.19518195165114,False,266.6666666666666,15.195181951651168,281.86184861831777,False,0.5,0.5,0.15,0.5449828114083398,0.0,0.0,strict_intersection_peak_power_radius,106.66666666666664,28.52851528498449,135.19518195165114,False,116.35681166710425,23.280320816657174,139.63713248376143,False,axial_peak_fwhm,2.6356828550879867,2.6356828550879867,1.1320471208036484,0.4295080945032203,2.7337500000000003e-06,,,0.0,0.0,0.0,oat_sensitivity,scan_speed_mm_s_1p0,ideal,air,,81.86184861831784,zone_center,0.45,8,0.93,20,2.0,True,marginal,downsampled,2,1024,16.0,16.384,11.275329522784684,31.25,pass,0.25122070312500006,7.799569355087367,15.599138710174733,pass,6.666666666666655,600.0,2.6,pass,6106108.170242552,1.04549912365757,fail,"Total propagated-power drift; pass<=0.05, marginal<=0.20, fail>0.20. SAS clipping is reported separately by sas_retained_power_fraction_*.",1.0,True,,15.000000000000002,19.594132974572513,22.50000000000006,0.2,pass,general,scan_speed_mm_s,1.0,1.0171232947678164e-16,1.0171232947678164e-16,target_matched_inverse_design,0.008071063517253126,inverse_design_feasibility,false,true,invalid_unconverged,false,HDR-0bffcf8cdc4c,outputs/validation/phase1_reconciliation/phase1r_convergence_manifest.json
3,3.0,equivalent_l0_first_zero_diameter,3.0,1.5,3.0,2.6202841629171694,5.240568325834339,150.0,0.5925391693126465,0.008071063517253126,compute_design_from_targets:w0_sample/beam_radius_on_slm,0.019693394982097625,1603333.3333333333,beam_to_surface,surface_in_air,1.0,2.5098425196850394,5.019685039370079,1.8041707581587265,legacy_vortex_inner_hwhm_radius,,,1.4998912002260536,2.999782400452107,2.5098425196850394,5.019685039370079,1.5044946357839921,22.269161613545528,0.0026737941197613226,0.00012006712089847828,2.7337500000000006,2.7337500000000006,2.7337500000000006,1.0,,,,,,,,,True,bl_asm,0.2,0.2,0.2,1.0,1.0,,,,,116.35681166710425,23.280320816657174,139.63713248376143,False,106.66666666666664,28.52851528498449,135.19518195165114,False,106.66666666666664,28.52851528498449,135.19518195165114,False,266.6666666666666,15.195181951651168,281.86184861831777,False,0.5,0.5,0.15,0.5449828114083398,0.0,0.0,strict_intersection_peak_power_radius,106.66666666666664,28.52851528498449,135.19518195165114,False,116.35681166710425,23.280320816657174,139.63713248376143,False,axial_peak_fwhm,2.6356828550879867,2.6356828550879867,1.1320471208036484,0.4295080945032203,2.7337500000000003e-06,,,0.0,0.0,0.0,oat_sensitivity,scan_speed_mm_s_10p0,ideal,air,,81.86184861831784,zone_center,0.45,8,0.93,20,2.0,True,marginal,downsampled,2,1024,16.0,16.384,11.275329522784684,31.25,pass,0.25122070312500006,7.799569355087367,15.599138710174733,pass,6.666666666666655,600.0,2.6,pass,6106108.170242552,1.04549912365757,fail,"Total propagated-power drift; pass<=0.05, marginal<=0.20, fail>0.20. SAS clipping is reported separately by sas_retained_power_fraction_*.",1.0,True,,15.000000000000002,19.594132974572513,22.50000000000006,0.2,pass,general,scan_speed_mm_s,10.0,1.0171232947678164e-16,1.0171232947678164e-16,target_matched_inverse_design,0.008071063517253126,inverse_design_feasibility,false,true,invalid_unconverged,false,HDR-0bffcf8cdc4c,outputs/validation/phase1_reconciliation/phase1r_convergence_manifest.json
3,3.0,equivalent_l0_first_zero_diameter,3.0,1.5,3.0,2.6202841629171694,5.240568325834339,150.0,0.5925391693126465,0.008071063517253126,compute_design_from_targets:w0_sample/beam_radius_on_slm,0.019693394982097625,1603333.3333333333,beam_to_surface,surface_in_air,1.0,1.8849057911287974,3.769811582257595,1.210015307151545,legacy_vortex_inner_hwhm_radius,,,1.4998912002260536,2.999782400452107,1.8849057911287974,3.769811582257595,1.198629869907504,50964.47968188373,4.657404176516046,9.138529826238188e-05,2.7337500000000006,2.7337500000000006,2.7337500000000006,0.732116143854814,6.250000000000001,2.5,5.147399835284684,5.147399835284684,5.025329522784684,1.28173828125,0.8544921875,5.041208327821341,True,bl_asm,0.25122070312500006,0.25122070312500006,0.25122070312500006,1.0,1.0,,,,,28.755055250124023,-72.861430838103,-44.10637558797899,False,13.333333333333297,-60.743914836979,-47.4105815036457,False,13.333333333333297,-60.743914836979,-47.4105815036457,False,46.66666666666665,-60.743914836979,-14.077248170312352,False,0.5,0.5,0.15,0.6500141400459505,0.13333333333333333,0.0,strict_intersection_peak_power_radius,13.333333333333297,-60.743914836979,-47.4105815036457,False,28.755055250124023,-72.861430838103,-44.10637558797899,False,axial_peak_fwhm,5.117991878103289,5.117991878103289,1.5821527354542104,0.3091354525635846,2.73375e-06,,,0.0,0.0,0.0,oat_sensitivity,slm_phase_bits_8,realistic,air,,-60.743914836978995,zone_center,0.45,8,0.93,20,2.0,True,marginal,downsampled,2,1024,16.0,16.384,11.275329522784684,31.25,pass,0.25122070312500006,7.799569355087367,15.599138710174733,pass,6.666666666666655,600.0,2.6,pass,6106108.170242552,0.17734085914969838,marginal,"Total propagated-power drift; pass<=0.05, marginal<=0.20, fail>0.20. SAS clipping is reported separately by sas_retained_power_fraction_*.",1.0,True,,11.941690962099123,15.599138710174733,22.50000000000006,0.25122070312500006,pass,general,slm_phase_bits,8.0,0.007721936941558429,0.007721936941558429,target_matched_inverse_design,0.008071063517253126,inverse_design_feasibility,false,true,invalid_unconverged,false,HDR-55a51993c70b,outputs/validation/phase1_reconciliation/phase1r_convergence_manifest.json
3,3.0,equivalent_l0_first_zero_diameter,3.0,1.5,3.0,2.6202841629171694,5.240568325834339,150.0,0.5925391693126465,0.008071063517253126,compute_design_from_targets:w0_sample/beam_radius_on_slm,0.019693394982097625,1603333.3333333333,beam_to_surface,surface_in_air,1.0,1.8849108367156924,3.7698216734313847,1.2100122228219576,legacy_vortex_inner_hwhm_radius,,,1.4998912002260536,2.999782400452107,1.8849108367156924,3.7698216734313847,1.1982421334940392,50866.00132661989,4.112434466024864,8.084839300848854e-05,2.7337500000000006,2.7337500000000006,2.7337500000000006,0.7316140675037214,6.250000000000001,2.5,5.147399835284684,5.147399835284684,5.025329522784684,1.64794921875,2.0751953125,5.048297433613209,True,bl_asm,0.25122070312500006,0.25122070312500006,0.25122070312500006,1.0,1.0,,,,,28.82102222191608,-72.9104702787227,-44.08944805680662,False,13.333333333333297,-60.74396745894866,-47.41063412561537,False,13.333333333333297,-60.74396745894866,-47.41063412561537,False,46.66666666666665,-60.74396745894866,-14.077300792282013,False,0.5,0.5,0.15,0.6502131288774307,0.1333333333333334,0.0,strict_intersection_peak_power_radius,13.333333333333297,-60.74396745894866,-47.41063412561537,False,28.82102222191608,-72.9104702787227,-44.08944805680662,False,axial_peak_fwhm,5.112064036439843,5.112064036439843,1.578018967211169,0.3086852895352495,2.73375e-06,,,0.0,0.0,0.0,oat_sensitivity,slm_phase_bits_6,realistic,air,,-60.74396745894869,zone_center,0.45,6,0.93,20,2.0,True,marginal,downsampled,2,1024,16.0,16.384,11.275329522784684,31.25,pass,0.25122070312500006,7.799569355087367,15.599138710174733,pass,6.666666666666655,600.0,2.6,pass,6106108.170242552,0.17738880819903408,marginal,"Total propagated-power drift; pass<=0.05, marginal<=0.20, fail>0.20. SAS clipping is reported separately by sas_retained_power_fraction_*.",1.0,True,,11.941690962099123,15.599138710174733,22.50000000000006,0.25122070312500006,pass,general,slm_phase_bits,6.0,0.007721936941558429,0.007721936941558429,target_matched_inverse_design,0.008071063517253126,inverse_design_feasibility,false,true,invalid_unconverged,false,HDR-b8e7e8b009b2,outputs/validation/phase1_reconciliation/phase1r_convergence_manifest.json
3,3.0,equivalent_l0_first_zero_diameter,3.0,1.5,3.0,2.6202841629171694,5.240568325834339,150.0,0.5925391693126465,0.008071063517253126,compute_design_from_targets:w0_sample/beam_radius_on_slm,0.019693394982097625,1603333.3333333333,beam_to_surface,surface_in_air,1.0,1.8851346213576712,3.7702692427153424,1.2111744824458048,legacy_vortex_inner_hwhm_radius,,,1.4998912002260536,2.999782400452107,1.8851346213576712,3.7702692427153424,1.1977079008603186,50522.66725421873,5.943705128031097,0.00011764432582554889,2.7337500000000006,2.7337500000000006,2.7337500000000006,0.7228486684792492,6.250000000000001,2.5,5.147399835284684,5.147399835284684,5.025329522784684,11.29150390625,0.0,5.041503906249999,True,bl_asm,0.25122070312500006,0.25122070312500006,0.25122070312500006,1.0,1.0,,,,,28.607166011990117,-72.75449481021404,-44.14732879822392,False,13.333333333333297,-60.72295987291578,-47.38962653958248,False,13.333333333333297,-60.72295987291578,-47.38962653958248,False,46.66666666666665,-60.72295987291578,-14.056293206249132,False,0.5,0.5,0.15,0.6497411828450768,0.1333333333333334,0.0,strict_intersection_peak_power_radius,13.333333333333297,-60.72295987291578,-47.38962653958248,False,28.607166011990117,-72.75449481021404,-44.14732879822392,False,axial_peak_fwhm,5.137634961033062,5.137634961033062,1.5906227438610598,0.309602133262738,2.73375e-06,,,0.0,0.0,0.0,oat_sensitivity,slm_phase_bits_4,realistic,air,,-60.72295987291578,zone_center,0.45,4,0.93,20,2.0,True,marginal,downsampled,2,1024,16.0,16.384,11.275329522784684,31.25,pass,0.25122070312500006,7.799569355087367,15.599138710174733,pass,6.666666666666655,600.0,2.6,pass,6106108.170242552,0.1772645441243317,marginal,"Total propagated-power drift; pass<=0.05, marginal<=0.20, fail>0.20. SAS clipping is reported separately by sas_retained_power_fraction_*.",1.0,True,,11.941690962099123,15.599138710174733,22.50000000000006,0.25122070312500006,pass,general,slm_phase_bits,4.0,0.007721936941558429,0.007721936941558429,target_matched_inverse_design,0.008071063517253126,inverse_design_feasibility,false,true,invalid_unconverged,false,HDR-20f6b2460ca2,outputs/validation/phase1_reconciliation/phase1r_convergence_manifest.json
3,3.0,equivalent_l0_first_zero_diameter,3.0,1.5,3.0,2.6202841629171694,5.240568325834339,150.0,0.5925391693126465,0.008071063517253126,compute_design_from_targets:w0_sample/beam_radius_on_slm,0.019693394982097625,1603333.3333333333,beam_to_surface,surface_in_air,1.0,1.884905791141194,3.769811582282388,1.2100153086089809,legacy_vortex_inner_hwhm_radius,,,1.4998912002260536,2.999782400452107,1.884905791141194,3.769811582282388,1.1986298687667207,54800.515786971744,5.007961480124789,9.138529826238204e-05,2.7337500000000006,2.7337500000000006,2.7337500000000006,0.7321161438548142,6.250000000000001,2.5,5.147399835284684,5.147399835284684,5.025329522784684,1.28173828125,0.8544921875,5.041208327821341,True,bl_asm,0.25122070312500006,0.25122070312500006,0.25122070312500006,1.0,1.0,,,,,28.755055250124023,-72.861430838103,-44.10637558797899,False,13.333333333333297,-60.743914836979,-47.4105815036457,False,13.333333333333297,-60.743914836979,-47.4105815036457,False,46.66666666666665,-60.743914836979,-14.077248170312352,False,0.5,0.5,0.15,0.6500141389617226,0.1333333333333334,0.0,strict_intersection_peak_power_radius,13.333333333333297,-60.743914836979,-47.4105815036457,False,28.755055250124023,-72.861430838103,-44.10637558797899,False,axial_peak_fwhm,5.117991784020389,5.117991784020389,1.5821528001993932,0.309135470896858,2.73375e-06,,,0.0,0.0,0.0,oat_sensitivity,fill_factor_1p0,realistic,air,,-60.74391483697899,zone_center,0.45,8,1.0,20,2.0,True,marginal,downsampled,2,1024,16.0,16.384,11.275329522784684,31.25,pass,0.25122070312500006,7.799569355087367,15.599138710174733,pass,6.666666666666655,600.0,2.6,pass,6106108.170242552,0.17734085914969855,marginal,"Total propagated-power drift; pass<=0.05, marginal<=0.20, fail>0.20. SAS clipping is reported separately by sas_retained_power_fraction_*.",1.0,True,,11.941690962099123,15.599138710174733,22.50000000000006,0.25122070312500006,pass,general,fill_factor,1.0,1.6861415003982102e-15,1.6861415003982102e-15,target_matched_inverse_design,0.008071063517253126,inverse_design_feasibility,false,true,invalid_unconverged,false,HDR-5b34c48038e3,outputs/validation/phase1_reconciliation/phase1r_convergence_manifest.json
3,3.0,equivalent_l0_first_zero_diameter,3.0,1.5,3.0,2.6202841629171694,5.240568325834339,150.0,0.5925391693126465,0.008071063517253126,compute_design_from_targets:w0_sample/beam_radius_on_slm,0.019693394982097625,1603333.3333333333,beam_to_surface,surface_in_air,1.0,1.8849057911287974,3.769811582257595,1.210015307151545,legacy_vortex_inner_hwhm_radius,,,1.4998912002260536,2.999782400452107,1.8849057911287974,3.769811582257595,1.198629869907504,50964.47968188373,4.657404176516046,9.138529826238188e-05,2.7337500000000006,2.7337500000000006,2.7337500000000006,0.732116143854814,6.250000000000001,2.5,5.147399835284684,5.147399835284684,5.025329522784684,1.28173828125,0.8544921875,5.041208327821341,True,bl_asm,0.25122070312500006,0.25122070312500006,0.25122070312500006,1.0,1.0,,,,,28.755055250124023,-72.861430838103,-44.10637558797899,False,13.333333333333297,-60.743914836979,-47.4105815036457,False,13.333333333333297,-60.743914836979,-47.4105815036457,False,46.66666666666665,-60.743914836979,-14.077248170312352,False,0.5,0.5,0.15,0.6500141400459505,0.13333333333333333,0.0,strict_intersection_peak_power_radius,13.333333333333297,-60.743914836979,-47.4105815036457,False,28.755055250124023,-72.861430838103,-44.10637558797899,False,axial_peak_fwhm,5.117991878103289,5.117991878103289,1.5821527354542104,0.3091354525635846,2.73375e-06,,,0.0,0.0,0.0,oat_sensitivity,fill_factor_0p93,realistic,air,,-60.743914836978995,zone_center,0.45,8,0.93,20,2.0,True,marginal,downsampled,2,1024,16.0,16.384,11.275329522784684,31.25,pass,0.25122070312500006,7.799569355087367,15.599138710174733,pass,6.666666666666655,600.0,2.6,pass,6106108.170242552,0.17734085914969838,marginal,"Total propagated-power drift; pass<=0.05, marginal<=0.20, fail>0.20. SAS clipping is reported separately by sas_retained_power_fraction_*.",1.0,True,,11.941690962099123,15.599138710174733,22.50000000000006,0.25122070312500006,pass,general,fill_factor,0.93,1.6861415003982102e-15,1.6861415003982102e-15,target_matched_inverse_design,0.008071063517253126,inverse_design_feasibility,false,true,invalid_unconverged,false,HDR-55a51993c70b,outputs/validation/phase1_reconciliation/phase1r_convergence_manifest.json
3,3.0,equivalent_l0_first_zero_diameter,3.0,1.5,3.0,2.6202841629171694,5.240568325834339,150.0,0.5925391693126465,0.008071063517253126,compute_design_from_targets:w0_sample/beam_radius_on_slm,0.019693394982097625,1603333.3333333333,beam_to_surface,surface_in_air,1.0,1.8849057911852285,3.769811582370457,1.2100153082963345,legacy_vortex_inner_hwhm_radius,,,1.4998912002260536,2.999782400452107,1.8849057911852285,3.769811582370457,1.1986298689638988,46580.43841892599,4.256767258106068,9.138529826238199e-05,2.7337500000000006,2.7337500000000006,2.7337500000000006,0.7321161438548139,6.250000000000001,2.5,5.147399835284684,5.147399835284684,5.025329522784684,1.28173828125,0.8544921875,5.041208327821341,True,bl_asm,0.25122070312500006,0.25122070312500006,0.25122070312500006,1.0,1.0,,,,,28.75505525012401,-72.86143083810299,-44.10637558797899,False,13.333333333333297,-60.743914836979,-47.4105815036457,False,13.333333333333297,-60.743914836979,-47.4105815036457,False,46.66666666666665,-60.743914836979,-14.077248170312352,False,0.5,0.5,0.15,0.6500141391316654,0.1333333333333335,0.0,strict_intersection_peak_power_radius,13.333333333333297,-60.743914836979,-47.4105815036457,False,28.75505525012401,-72.86143083810299,-44.10637558797899,False,axial_peak_fwhm,5.117991700014517,5.117991700014517,1.5821527256567975,0.3091354614061429,2.73375e-06,,,0.0,0.0,0.0,oat_sensitivity,fill_factor_0p85,realistic,air,,-60.74391483697899,zone_center,0.45,8,0.85,20,2.0,True,marginal,downsampled,2,1024,16.0,16.384,11.275329522784684,31.25,pass,0.25122070312500006,7.799569355087367,15.599138710174733,pass,6.666666666666655,600.0,2.6,pass,6106108.170242552,0.17734085914969852,marginal,"Total propagated-power drift; pass<=0.05, marginal<=0.20, fail>0.20. SAS clipping is reported separately by sas_retained_power_fraction_*.",1.0,True,,11.941690962099123,15.599138710174733,22.50000000000006,0.25122070312500006,pass,general,fill_factor,0.85,1.6861415003982102e-15,1.6861415003982102e-15,target_matched_inverse_design,0.008071063517253126,inverse_design_feasibility,false,true,invalid_unconverged,false,HDR-682cd81739f7,outputs/validation/phase1_reconciliation/phase1r_convergence_manifest.json
3,3.0,equivalent_l0_first_zero_diameter,3.0,1.5,3.0,2.6202841629171694,5.240568325834339,150.0,0.5925391693126465,0.008071063517253126,compute_design_from_targets:w0_sample/beam_radius_on_slm,0.019693394982097625,1603333.3333333333,beam_to_surface,surface_in_air,1.0,1.8865689544312412,3.7731379088624823,1.2087756453685687,legacy_vortex_inner_hwhm_radius,,,1.4998912002260536,2.999782400452107,1.8865689544312412,3.7731379088624823,1.1913408423335543,50684.28504352941,1.322682403545108,2.6096499189228825e-05,2.7337500000000006,2.7337500000000006,2.7337500000000006,0.7313260434641363,10.416666666666666,2.5,5.147399835284684,5.147399835284684,5.025329522784684,6.65283203125,3.35693359375,5.043357444759334,True,bl_asm,0.25122070312500006,0.25122070312500006,0.25122070312500006,1.0,1.0,,,,,28.839114808246364,-72.95401572599457,-44.114900917748194,False,13.333333333333297,-60.72845694965457,-47.39512361632127,False,13.333333333333297,-60.72845694965457,-47.39512361632127,False,46.66666666666665,-60.72845694965457,-14.061790282987921,False,0.5,0.5,0.15,0.6532161537791555,0.13333333333333344,0.0,strict_intersection_peak_power_radius,13.333333333333297,-60.72845694965457,-47.39512361632127,False,28.839114808246364,-72.95401572599457,-44.114900917748194,False,axial_peak_fwhm,5.097340605732224,5.097340605732224,1.579132122371493,0.3097952921952433,2.73375e-06,,,0.0,0.0,0.0,oat_sensitivity,blaze_period_px_12,realistic,air,,-60.72845694965456,zone_center,0.45,8,0.93,12,2.0,True,marginal,downsampled,2,1024,16.0,16.384,15.44199618945135,31.25,pass,0.25122070312500006,7.799569355087367,15.599138710174733,pass,6.666666666666655,600.0,2.6,pass,6106108.170242552,0.17715777407985867,marginal,"Total propagated-power drift; pass<=0.05, marginal<=0.20, fail>0.20. SAS clipping is reported separately by sas_retained_power_fraction_*.",1.0,True,,11.941690962099123,15.599138710174733,22.50000000000006,0.25122070312500006,pass,general,blaze_period_px,12.0,-0.06588349017054669,-0.06588349017054669,target_matched_inverse_design,0.008071063517253126,inverse_design_feasibility,false,true,invalid_unconverged,false,HDR-792a24861c52,outputs/validation/phase1_reconciliation/phase1r_convergence_manifest.json
3,3.0,equivalent_l0_first_zero_diameter,3.0,1.5,3.0,2.6202841629171694,5.240568325834339,150.0,0.5925391693126465,0.008071063517253126,compute_design_from_targets:w0_sample/beam_radius_on_slm,0.019693394982097625,1603333.3333333333,beam_to_surface,surface_in_air,1.0,1.8849057911287974,3.769811582257595,1.210015307151545,legacy_vortex_inner_hwhm_radius,,,1.4998912002260536,2.999782400452107,1.8849057911287974,3.769811582257595,1.198629869907504,50964.47968188373,4.657404176516046,9.138529826238188e-05,2.7337500000000006,2.7337500000000006,2.7337500000000006,0.732116143854814,6.250000000000001,2.5,5.147399835284684,5.147399835284684,5.025329522784684,1.28173828125,0.8544921875,5.041208327821341,True,bl_asm,0.25122070312500006,0.25122070312500006,0.25122070312500006,1.0,1.0,,,,,28.755055250124023,-72.861430838103,-44.10637558797899,False,13.333333333333297,-60.743914836979,-47.4105815036457,False,13.333333333333297,-60.743914836979,-47.4105815036457,False,46.66666666666665,-60.743914836979,-14.077248170312352,False,0.5,0.5,0.15,0.6500141400459505,0.13333333333333333,0.0,strict_intersection_peak_power_radius,13.333333333333297,-60.743914836979,-47.4105815036457,False,28.755055250124023,-72.861430838103,-44.10637558797899,False,axial_peak_fwhm,5.117991878103289,5.117991878103289,1.5821527354542104,0.3091354525635846,2.73375e-06,,,0.0,0.0,0.0,oat_sensitivity,blaze_period_px_20,realistic,air,,-60.743914836978995,zone_center,0.45,8,0.93,20,2.0,True,marginal,downsampled,2,1024,16.0,16.384,11.275329522784684,31.25,pass,0.25122070312500006,7.799569355087367,15.599138710174733,pass,6.666666666666655,600.0,2.6,pass,6106108.170242552,0.17734085914969838,marginal,"Total propagated-power drift; pass<=0.05, marginal<=0.20, fail>0.20. SAS clipping is reported separately by sas_retained_power_fraction_*.",1.0,True,,11.941690962099123,15.599138710174733,22.50000000000006,0.25122070312500006,pass,general,blaze_period_px,20.0,-0.06588349017054669,-0.06588349017054669,target_matched_inverse_design,0.008071063517253126,inverse_design_feasibility,false,true,invalid_unconverged,false,HDR-55a51993c70b,outputs/validation/phase1_reconciliation/phase1r_convergence_manifest.json
3,3.0,equivalent_l0_first_zero_diameter,3.0,1.5,3.0,2.6202841629171694,5.240568325834339,150.0,0.5925391693126465,0.008071063517253126,compute_design_from_targets:w0_sample/beam_radius_on_slm,0.019693394982097625,1603333.3333333333,beam_to_surface,surface_in_air,1.0,4.145379050363571,8.290758100727142,1.9037260323891938,legacy_vortex_inner_hwhm_radius,,,1.4998912002260536,2.999782400452107,4.145379050363571,8.290758100727142,15.955993774151942,1.0904089252269473,0.0004571198829261108,0.0004192187649518461,2.7337500000000006,2.7337500000000006,2.7337500000000006,2.9260671317230224e-05,3.90625,2.5,3.7109375,5.147399835284684,5.025329522784684,4.45556640625,3.662109375,3.70307893362244,False,bl_asm,0.25122070312500006,0.25122070312500006,0.25122070312500006,1.0,1.0,,,,,27.170678040143276,-12.672601411593739,14.498076628549535,False,6.6666666666667025,-7.524271961857458,-0.8576052951907556,False,353.33333333333326,-180.85760529519075,172.47572803814253,False,13.333333333333352,-14.190938628524107,-0.8576052951907556,False,0.5,0.5,0.15,0.9452021311503384,0.12121212121212119,0.0,strict_intersection_peak_power_radius,6.6666666666667025,-7.524271961857458,-0.8576052951907556,False,27.170678040143276,-12.672601411593739,14.498076628549535,False,axial_peak_fwhm,2.029073348939797,2.029073348939797,2.029073348939797,1.0,2.73375e-06,,,0.0,0.0,0.0,oat_sensitivity,blaze_period_px_32,realistic,air,,-0.8576052951907488,zone_center,0.45,8,0.93,32,2.0,True,marginal,downsampled,2,1024,16.0,16.384,8.931579522784682,31.25,pass,0.25122070312500006,7.799569355087367,15.599138710174733,pass,6.666666666666655,600.0,2.6,pass,6106108.170242552,0.00842545399321387,pass,"Total propagated-power drift; pass<=0.05, marginal<=0.20, fail>0.20. SAS clipping is reported separately by sas_retained_power_fraction_*.",1.0,True,,11.941690962099123,15.599138710174733,22.50000000000006,0.25122070312500006,pass,general,blaze_period_px,32.0,-0.06588349017054669,-0.06588349017054669,target_matched_inverse_design,0.008071063517253126,inverse_design_feasibility,false,true,validated_under_phase1_power_gate,true,HDR-3b736f1ce294,outputs/validation/phase1_reconciliation/phase1r_convergence_manifest.json
3,3.0,equivalent_l0_first_zero_diameter,3.0,1.5,3.0,2.6202841629171694,5.240568325834339,150.0,1.184951619245102,0.008071063517253126,compute_design_from_targets:w0_sample/beam_radius_on_slm,0.03938678996419525,1603333.3333333333,beam_to_surface,surface_in_air,1.0,2.5098425196850394,5.019685039370079,1.8041707581587265,legacy_vortex_inner_hwhm_radius,,,1.4998912002260536,2.999782400452107,2.5098425196850394,5.019685039370079,1.5044946357839921,22.269161613545528,0.0026737941197613226,0.00012006712089847828,2.7337500000000006,2.7337500000000006,2.7337500000000006,1.0,,,,,,,,,True,bl_asm,0.2,0.2,0.2,1.0,1.0,,,,,116.35681166710425,23.280320816657174,139.63713248376143,False,106.66666666666664,28.52851528498449,135.19518195165114,False,106.66666666666664,28.52851528498449,135.19518195165114,False,266.6666666666666,15.195181951651168,281.86184861831777,False,0.5,0.5,0.15,0.5449828114083398,0.0,0.0,strict_intersection_peak_power_radius,106.66666666666664,28.52851528498449,135.19518195165114,False,116.35681166710425,23.280320816657174,139.63713248376143,False,axial_peak_fwhm,2.6356828550879867,2.6356828550879867,1.1320471208036484,0.4295080945032203,2.7337500000000003e-06,,,0.0,0.0,0.0,oat_sensitivity,beam_radius_on_slm_mm_1p0,ideal,air,,81.86184861831784,zone_center,0.45,8,0.93,20,1.0,True,marginal,downsampled,2,1024,16.0,16.384,16.30065904556937,31.25,pass,0.25122070312500006,7.799569355087367,15.599138710174733,pass,6.666666666666655,600.0,2.6,pass,6106108.170242552,1.04549912365757,fail,"Total propagated-power drift; pass<=0.05, marginal<=0.20, fail>0.20. SAS clipping is reported separately by sas_retained_power_fraction_*.",1.0,True,,15.000000000000002,19.594132974572513,22.50000000000006,0.2,pass,general,beam_radius_on_slm_mm,1.0,-4.436614184183641e-16,-4.436614184183641e-16,target_matched_inverse_design,0.008071063517253126,inverse_design_feasibility,false,true,invalid_unconverged,false,HDR-fdff79c6ed84,outputs/validation/phase1_reconciliation/phase1r_convergence_manifest.json
3,3.0,equivalent_l0_first_zero_diameter,3.0,1.5,3.0,2.6202841629171694,5.240568325834339,150.0,0.5925391693126465,0.008071063517253126,compute_design_from_targets:w0_sample/beam_radius_on_slm,0.019693394982097625,1603333.3333333333,beam_to_surface,surface_in_air,1.0,2.5098425196850394,5.019685039370079,1.8041707581587265,legacy_vortex_inner_hwhm_radius,,,1.4998912002260536,2.999782400452107,2.5098425196850394,5.019685039370079,1.5044946357839921,22.269161613545528,0.0026737941197613226,0.00012006712089847828,2.7337500000000006,2.7337500000000006,2.7337500000000006,1.0,,,,,,,,,True,bl_asm,0.2,0.2,0.2,1.0,1.0,,,,,116.35681166710425,23.280320816657174,139.63713248376143,False,106.66666666666664,28.52851528498449,135.19518195165114,False,106.66666666666664,28.52851528498449,135.19518195165114,False,266.6666666666666,15.195181951651168,281.86184861831777,False,0.5,0.5,0.15,0.5449828114083398,0.0,0.0,strict_intersection_peak_power_radius,106.66666666666664,28.52851528498449,135.19518195165114,False,116.35681166710425,23.280320816657174,139.63713248376143,False,axial_peak_fwhm,2.6356828550879867,2.6356828550879867,1.1320471208036484,0.4295080945032203,2.7337500000000003e-06,,,0.0,0.0,0.0,oat_sensitivity,beam_radius_on_slm_mm_2p0,ideal,air,,81.86184861831784,zone_center,0.45,8,0.93,20,2.0,True,marginal,downsampled,2,1024,16.0,16.384,11.275329522784684,31.25,pass,0.25122070312500006,7.799569355087367,15.599138710174733,pass,6.666666666666655,600.0,2.6,pass,6106108.170242552,1.04549912365757,fail,"Total propagated-power drift; pass<=0.05, marginal<=0.20, fail>0.20. SAS clipping is reported separately by sas_retained_power_fraction_*.",1.0,True,,15.000000000000002,19.594132974572513,22.50000000000006,0.2,pass,general,beam_radius_on_slm_mm,2.0,-4.436614184183641e-16,-4.436614184183641e-16,target_matched_inverse_design,0.008071063517253126,inverse_design_feasibility,false,true,invalid_unconverged,false,HDR-0bffcf8cdc4c,outputs/validation/phase1_reconciliation/phase1r_convergence_manifest.json
3,3.0,equivalent_l0_first_zero_diameter,3.0,1.5,3.0,2.6202841629171694,5.240568325834339,150.0,0.39503393684376026,0.008071063517253126,compute_design_from_targets:w0_sample/beam_radius_on_slm,0.013128929988065084,1603333.3333333333,beam_to_surface,surface_in_air,1.0,2.5098425196850394,5.019685039370079,1.8041707581587265,legacy_vortex_inner_hwhm_radius,,,1.4998912002260536,2.999782400452107,2.5098425196850394,5.019685039370079,1.5044946357839921,22.269161613545528,0.0026737941197613226,0.00012006712089847828,2.7337500000000006,2.7337500000000006,2.7337500000000006,1.0,,,,,,,,,True,bl_asm,0.2,0.2,0.2,1.0,1.0,,,,,116.35681166710425,23.280320816657174,139.63713248376143,False,106.66666666666664,28.52851528498449,135.19518195165114,False,106.66666666666664,28.52851528498449,135.19518195165114,False,266.6666666666666,15.195181951651168,281.86184861831777,False,0.5,0.5,0.15,0.5449828114083398,0.0,0.0,strict_intersection_peak_power_radius,106.66666666666664,28.52851528498449,135.19518195165114,False,116.35681166710425,23.280320816657174,139.63713248376143,False,axial_peak_fwhm,2.6356828550879867,2.6356828550879867,1.1320471208036484,0.4295080945032203,2.7337500000000003e-06,,,0.0,0.0,0.0,oat_sensitivity,beam_radius_on_slm_mm_3p0,ideal,air,,81.86184861831784,zone_center,0.45,8,0.93,20,3.0,True,marginal,downsampled,2,1024,16.0,16.384,9.600219681856455,31.25,pass,0.25122070312500006,7.799569355087367,15.599138710174733,pass,6.666666666666655,600.0,2.6,pass,6106108.170242552,1.04549912365757,fail,"Total propagated-power drift; pass<=0.05, marginal<=0.20, fail>0.20. SAS clipping is reported separately by sas_retained_power_fraction_*.",1.0,True,,15.000000000000002,19.594132974572513,22.50000000000006,0.2,pass,general,beam_radius_on_slm_mm,3.0,-4.436614184183641e-16,-4.436614184183641e-16,target_matched_inverse_design,0.008071063517253126,inverse_design_feasibility,false,true,invalid_unconverged,false,HDR-cf4072350211,outputs/validation/phase1_reconciliation/phase1r_convergence_manifest.json
