figure_id,panel_id,route_or_case,originating_module,originating_output_file_or_function,numerical_N,physical_window_m,z_planes,z_start_mm,z_end_mm,numerical_dx_m,samples_per_radial_fringe,display_interpolation_used,metrics_computed_on_native_data,higher_N_validated_source_exists,numerical_M_y,physical_window_y_m,samples_per_carrier_period,phase_convention,lut_applied,render_method,sas_pad_factor,native_input_N,native_input_dx_m,native_input_samples_per_radial_fringe,metrics_native_grid_N,metrics_native_dx_m,z_render_mm
fig2,sector_mask,source_scale_target_vector_field,nathan_vector_hexagon.mode2n_source_target,fresh N=1536 source-grid target/Stokes field,1536,0.01,41,30.0,90.0,6.510416666666667e-06,9.882283473535496,True,True,False,,,,,,,,,,,,,
fig2,alpha_theta,source_scale_target_vector_field,nathan_vector_hexagon.mode2n_source_target,fresh N=1536 source-grid target/Stokes field,1536,0.01,41,30.0,90.0,6.510416666666667e-06,9.882283473535496,True,True,False,,,,,,,,,,,,,
fig2,orientation_map,source_scale_target_vector_field,nathan_vector_hexagon.mode2n_source_target,fresh N=1536 source-grid target/Stokes field,1536,0.01,41,30.0,90.0,6.510416666666667e-06,9.882283473535496,True,True,False,,,,,,,,,,,,,
fig2,S0,source_scale_target_vector_field,nathan_vector_hexagon.mode2n_source_target,fresh N=1536 source-grid target/Stokes field,1536,0.01,41,30.0,90.0,6.510416666666667e-06,9.882283473535496,True,True,False,,,,,,,,,,,,,
fig2,S1,source_scale_target_vector_field,nathan_vector_hexagon.mode2n_source_target,fresh N=1536 source-grid target/Stokes field,1536,0.01,41,30.0,90.0,6.510416666666667e-06,9.882283473535496,True,True,False,,,,,,,,,,,,,
fig2,S2,source_scale_target_vector_field,nathan_vector_hexagon.mode2n_source_target,fresh N=1536 source-grid target/Stokes field,1536,0.01,41,30.0,90.0,6.510416666666667e-06,9.882283473535496,True,True,False,,,,,,,,,,,,,
fig2,S3,source_scale_target_vector_field,nathan_vector_hexagon.mode2n_source_target,fresh N=1536 source-grid target/Stokes field,1536,0.01,41,30.0,90.0,6.510416666666667e-06,9.882283473535496,True,True,False,,,,,,,,,,,,,
fig2,abs_Ex,source_scale_target_vector_field,nathan_vector_hexagon.mode2n_source_target,fresh N=1536 source-grid target/Stokes field,1536,0.01,41,30.0,90.0,6.510416666666667e-06,9.882283473535496,True,True,False,,,,,,,,,,,,,
fig2,abs_Ey,source_scale_target_vector_field,nathan_vector_hexagon.mode2n_source_target,fresh N=1536 source-grid target/Stokes field,1536,0.01,41,30.0,90.0,6.510416666666667e-06,9.882283473535496,True,True,False,,,,,,,,,,,,,
fig2,SLM1_native_wrapped_phase,native_panel_phase_mask,nathan_mode2v_lab_ready_build.build_native_masks,build_native_masks,1920,0.015359999999999999,0,,,8e-06,,False,True,False,1080,0.00864,20.0,phi_H = +alpha + carrier,False,,,,,,,,
fig2,SLM2_native_wrapped_phase,native_panel_phase_mask,nathan_mode2v_lab_ready_build.build_native_masks,build_native_masks,1920,0.015359999999999999,0,,,8e-06,,False,True,False,1080,0.00864,20.0,phi_V = -alpha + pi/2 + carrier,False,,,,,,,,
fig3A,V0_reference_linear_crop,V0_reference,nathan_mode2w_fix_sequential_master,fresh N=1536 source-scale field rendered with SAS-scaled z=60 zoom,1536,0.004741632,41,30.0,90.0,3.087e-06,20.84152349557177,True,True,False,,,,,,scalable_angular_spectrum_zoom,2,1536,6.510416666666667e-06,9.882283473535496,1536,6.510416666666667e-06,
fig3A,V0_reference_log_crop,V0_reference,nathan_mode2w_fix_sequential_master,fresh N=1536 source-scale field rendered with SAS-scaled z=60 zoom,1536,0.004741632,41,30.0,90.0,3.087e-06,20.84152349557177,True,True,False,,,,,,scalable_angular_spectrum_zoom,2,1536,6.510416666666667e-06,9.882283473535496,1536,6.510416666666667e-06,
fig3A,V0_reference_difference,V0_reference,nathan_mode2w_fix_sequential_master,fresh N=1536 source-scale field rendered with SAS-scaled z=60 zoom,1536,0.004741632,41,30.0,90.0,3.087e-06,20.84152349557177,True,True,False,,,,,,scalable_angular_spectrum_zoom,2,1536,6.510416666666667e-06,9.882283473535496,1536,6.510416666666667e-06,
fig3A,V0_reference_profiles,V0_reference,nathan_mode2w_fix_sequential_master,fresh N=1536 source-scale field rendered with SAS-scaled z=60 zoom,1536,0.004741632,41,30.0,90.0,3.087e-06,20.84152349557177,False,True,False,,,,,,scalable_angular_spectrum_zoom,2,1536,6.510416666666667e-06,9.882283473535496,1536,6.510416666666667e-06,
fig3A,V0_reference_angular_profile,V0_reference,nathan_mode2w_fix_sequential_master,fresh N=1536 source-scale field rendered with SAS-scaled z=60 zoom,1536,0.004741632,41,30.0,90.0,3.087e-06,20.84152349557177,False,True,False,,,,,,scalable_angular_spectrum_zoom,2,1536,6.510416666666667e-06,9.882283473535496,1536,6.510416666666667e-06,
fig3A,ideal_sequential_dual_slm_linear_crop,ideal_sequential_dual_slm,nathan_mode2w_fix_sequential_master,fresh N=1536 source-scale field rendered with SAS-scaled z=60 zoom,1536,0.004741632,41,30.0,90.0,3.087e-06,20.84152349557177,True,True,False,,,,,,scalable_angular_spectrum_zoom,2,1536,6.510416666666667e-06,9.882283473535496,1536,6.510416666666667e-06,
fig3A,ideal_sequential_dual_slm_log_crop,ideal_sequential_dual_slm,nathan_mode2w_fix_sequential_master,fresh N=1536 source-scale field rendered with SAS-scaled z=60 zoom,1536,0.004741632,41,30.0,90.0,3.087e-06,20.84152349557177,True,True,False,,,,,,scalable_angular_spectrum_zoom,2,1536,6.510416666666667e-06,9.882283473535496,1536,6.510416666666667e-06,
fig3A,ideal_sequential_dual_slm_difference,ideal_sequential_dual_slm,nathan_mode2w_fix_sequential_master,fresh N=1536 source-scale field rendered with SAS-scaled z=60 zoom,1536,0.004741632,41,30.0,90.0,3.087e-06,20.84152349557177,True,True,False,,,,,,scalable_angular_spectrum_zoom,2,1536,6.510416666666667e-06,9.882283473535496,1536,6.510416666666667e-06,
fig3A,ideal_sequential_dual_slm_profiles,ideal_sequential_dual_slm,nathan_mode2w_fix_sequential_master,fresh N=1536 source-scale field rendered with SAS-scaled z=60 zoom,1536,0.004741632,41,30.0,90.0,3.087e-06,20.84152349557177,False,True,False,,,,,,scalable_angular_spectrum_zoom,2,1536,6.510416666666667e-06,9.882283473535496,1536,6.510416666666667e-06,
fig3A,ideal_sequential_dual_slm_angular_profile,ideal_sequential_dual_slm,nathan_mode2w_fix_sequential_master,fresh N=1536 source-scale field rendered with SAS-scaled z=60 zoom,1536,0.004741632,41,30.0,90.0,3.087e-06,20.84152349557177,False,True,False,,,,,,scalable_angular_spectrum_zoom,2,1536,6.510416666666667e-06,9.882283473535496,1536,6.510416666666667e-06,
fig3A,realistic_sequential_dual_slm_4f_linear_crop,realistic_sequential_dual_slm_4f,nathan_mode2w_fix_sequential_master,fresh N=1536 source-scale field rendered with SAS-scaled z=60 zoom,1536,0.004741632,41,30.0,90.0,3.087e-06,20.84152349557177,True,True,False,,,,,,scalable_angular_spectrum_zoom,2,1536,6.510416666666667e-06,9.882283473535496,1536,6.510416666666667e-06,
fig3A,realistic_sequential_dual_slm_4f_log_crop,realistic_sequential_dual_slm_4f,nathan_mode2w_fix_sequential_master,fresh N=1536 source-scale field rendered with SAS-scaled z=60 zoom,1536,0.004741632,41,30.0,90.0,3.087e-06,20.84152349557177,True,True,False,,,,,,scalable_angular_spectrum_zoom,2,1536,6.510416666666667e-06,9.882283473535496,1536,6.510416666666667e-06,
fig3A,realistic_sequential_dual_slm_4f_difference,realistic_sequential_dual_slm_4f,nathan_mode2w_fix_sequential_master,fresh N=1536 source-scale field rendered with SAS-scaled z=60 zoom,1536,0.004741632,41,30.0,90.0,3.087e-06,20.84152349557177,True,True,False,,,,,,scalable_angular_spectrum_zoom,2,1536,6.510416666666667e-06,9.882283473535496,1536,6.510416666666667e-06,
fig3A,realistic_sequential_dual_slm_4f_profiles,realistic_sequential_dual_slm_4f,nathan_mode2w_fix_sequential_master,fresh N=1536 source-scale field rendered with SAS-scaled z=60 zoom,1536,0.004741632,41,30.0,90.0,3.087e-06,20.84152349557177,False,True,False,,,,,,scalable_angular_spectrum_zoom,2,1536,6.510416666666667e-06,9.882283473535496,1536,6.510416666666667e-06,
fig3A,realistic_sequential_dual_slm_4f_angular_profile,realistic_sequential_dual_slm_4f,nathan_mode2w_fix_sequential_master,fresh N=1536 source-scale field rendered with SAS-scaled z=60 zoom,1536,0.004741632,41,30.0,90.0,3.087e-06,20.84152349557177,False,True,False,,,,,,scalable_angular_spectrum_zoom,2,1536,6.510416666666667e-06,9.882283473535496,1536,6.510416666666667e-06,
fig3B,clean_realistic,clean_realistic,nathan_mode2w_fix_sequential_master,fresh N=1024 realism propagation; N=384 tolerance CSV used only for summary tables,1024,0.01,41,0.1,200.0,9.765625e-06,6.588188982356997,True,True,True,,,,,,,,,,,,,
fig3B,moderate_realism,moderate_realism,nathan_mode2w_fix_sequential_master,fresh N=1024 realism propagation; N=384 tolerance CSV used only for summary tables,1024,0.01,41,0.1,200.0,9.765625e-06,6.588188982356997,True,True,False,,,,,,,,,,,,,
fig3B,bad_realism,bad_realism,nathan_mode2w_fix_sequential_master,fresh N=1024 realism propagation; N=384 tolerance CSV used only for summary tables,1024,0.01,41,0.1,200.0,9.765625e-06,6.588188982356997,True,True,False,,,,,,,,,,,,,
fig3C,target_realistic,target_realistic,nathan_mode2w_fix_sequential_master,fresh N=1024 correction visualisation; M2V closed-loop CSV used only for metrics summary,1024,0.01,41,0.1,200.0,9.765625e-06,6.588188982356997,True,True,True,,,,,,,,,,,,,
fig3C,degraded_axicon_0p5mm,degraded_axicon_0p5mm,nathan_mode2w_fix_sequential_master,fresh N=1024 correction visualisation; M2V closed-loop CSV used only for metrics summary,1024,0.01,41,0.1,200.0,9.765625e-06,6.588188982356997,True,True,False,,,,,,,,,,,,,
fig3C,corrected_axicon_0p5mm,corrected_axicon_0p5mm,nathan_mode2w_fix_sequential_master,fresh N=1024 correction visualisation; M2V closed-loop CSV used only for metrics summary,1024,0.01,41,0.1,200.0,9.765625e-06,6.588188982356997,True,True,False,,,,,,,,,,,,,
fig4,physical_context,realistic_sequential_dual_slm_4f,nathan_mode2w_fix_sequential_master,fresh N=1024 broad-z fixed-grid ASM context,1024,0.01,41,0.1,200.0,9.765625e-06,6.588188982356997,True,True,True,,,,,,,,,,,,,
fig4,native_focus_crop_z0p1mm,realistic_sequential_dual_slm_4f,nathan_mode2w_fix_sequential_master,fresh N=1024 fixed-grid ASM near-axicon crop,1024,0.01,41,0.1,200.0,9.765625e-06,6.588188982356997,True,True,False,,,,,,native_fixed_grid_crop,,,,,,,
fig4,sas_focus_crop_z30mm,realistic_sequential_dual_slm_4f,nathan_mode2w_fix_sequential_master,fresh N=1024 source-scale field rendered with SAS-scaled focus zoom,1024,0.001053696,41,0.1,200.0,1.029e-06,62.52457048671531,True,True,True,,,,,,scalable_angular_spectrum_zoom,3,1024,9.765625e-06,6.588188982356997,1024,9.765625e-06,30.0
fig4,sas_focus_crop_z60mm,realistic_sequential_dual_slm_4f,nathan_mode2w_fix_sequential_master,fresh N=1024 source-scale field rendered with SAS-scaled focus zoom,1024,0.002107392,41,0.1,200.0,2.058e-06,31.262285243357656,True,True,True,,,,,,scalable_angular_spectrum_zoom,3,1024,9.765625e-06,6.588188982356997,1024,9.765625e-06,60.0
fig4,sas_focus_crop_z90mm,realistic_sequential_dual_slm_4f,nathan_mode2w_fix_sequential_master,fresh N=1024 source-scale field rendered with SAS-scaled focus zoom,1024,0.003161088,41,0.1,200.0,3.087e-06,20.84152349557177,True,True,True,,,,,,scalable_angular_spectrum_zoom,3,1024,9.765625e-06,6.588188982356997,1024,9.765625e-06,90.0
fig4,sas_focus_crop_z150mm,realistic_sequential_dual_slm_4f,nathan_mode2w_fix_sequential_master,fresh N=1024 source-scale field rendered with SAS-scaled focus zoom,1024,0.00526848,41,0.1,200.0,5.145e-06,12.504914097343063,True,True,True,,,,,,scalable_angular_spectrum_zoom,3,1024,9.765625e-06,6.588188982356997,1024,9.765625e-06,150.0
fig4,sas_focus_crop_z200mm,realistic_sequential_dual_slm_4f,nathan_mode2w_fix_sequential_master,fresh N=1024 source-scale field rendered with SAS-scaled focus zoom,1024,0.00702464,41,0.1,200.0,6.86e-06,9.378685573007296,True,True,True,,,,,,scalable_angular_spectrum_zoom,3,1024,9.765625e-06,6.588188982356997,1024,9.765625e-06,200.0
fig4,xz,realistic_sequential_dual_slm_4f,nathan_mode2w_fix_sequential_master,fresh N=1024 broad-z fixed-grid ASM propagation diagnostics,1024,0.01,41,0.1,200.0,9.765625e-06,6.588188982356997,True,True,True,,,,,,,,,,,,,
fig4,yz,realistic_sequential_dual_slm_4f,nathan_mode2w_fix_sequential_master,fresh N=1024 broad-z fixed-grid ASM propagation diagnostics,1024,0.01,41,0.1,200.0,9.765625e-06,6.588188982356997,True,True,True,,,,,,,,,,,,,
fig4,z_diagnostics,realistic_sequential_dual_slm_4f,nathan_mode2w_fix_sequential_master,fresh N=1024 broad-z fixed-grid ASM propagation diagnostics,1024,0.01,41,0.1,200.0,9.765625e-06,6.588188982356997,False,True,True,,,,,,,,,,,,,
